source,assay_chembl_id,record_id,molecule_chembl_id,canonical_smiles,molwt,std_type,std_value,std_units,pchembl_value,pX,label,QED,SA
ChEMBL,CHEMBL4329932,18946278,CHEMBL4456598,C=CC(=O)N1CCN(c2nc(OC[C@@H]3CCCN3C)nc3c2CCN(c2cc(O)cc4ccccc24)C3)CC1,528.6570000000002,IC50,16000.0,nm,,4.795880017344075,0,,
ChEMBL,CHEMBL4677891,22438500,CHEMBL4796065,CN(C)Cc1[nH]c2ccccc2c1[C@H]1NC(=O)c2ccc(O)cc21,321.38000000000005,IC50,33000.0,nm,4.48,4.48,0,,
ChEMBL,CHEMBL4677891,22438501,CHEMBL4788500,O=C1N[C@H](c2c(CNCc3ccc4ccn(Cc5ccccc5)c4c3)[nH]c3ccccc23)c2cc(O)ccc21,512.6130000000002,IC50,870.0,nm,6.06,6.06,1,,
ChEMBL,CHEMBL4677893,22438503,CHEMBL4750445,Cn1cnc(Cn2ccc3ccc(CNCc4[nH]c5ccccc5c4[C@H]4NC(=O)c5ccc(O)cc54)cc32)c1,516.6050000000002,IC50,450.0,nm,6.35,6.35,1,,
ChEMBL,CHEMBL4837101,23280825,CHEMBL4852554,CN(C)CC1(COc2nc(N3CC4CCC(C3)N4)c3cc(F)c(-c4cc(O)cc5ccccc45)c(F)c3n2)CC1,545.634,IC50,5.1,nm,8.29,8.29,1,,
ChEMBL,CHEMBL4845550,23316922,CHEMBL4872788,Fc1c(-c2cccc3c2CC2CC32)ncc2c(N3CC4CCC(C3)N4)nc(OC[C@@]34CCCN3C[C@H](F)C4)nc12,544.6500000000002,IC50,20.1,nm,7.70,7.70,1,,
ChEMBL,CHEMBL5047300,24415469,CHEMBL5080840,CN1CCC[C@H]1COc1nc(N2C[C@H]3CC[C@@H](C2)N3)c2cnc(-c3cc(O)cc4ccccc34)c(F)c2n1,514.6050000000001,IC50,530.0,nm,6.28,6.28,1,,
ChEMBL,CHEMBL5047300,24415470,CHEMBL5090412,CN(C)C1CN(c2nc(N3CC4CCC(C3)N4)c3cnc(-c4cc(O)cc5ccccc45)c(F)c3n2)C1,499.5940000000002,IC50,1300.0,nm,5.89,5.89,0,,
ChEMBL,CHEMBL5047300,24415471,CHEMBL5080117,Cn1ccnc1CCOc1nc(N2C[C@H]3CC[C@@H](C2)N3)c2cnc(-c3cc(O)cc4ccccc34)c(F)c2n1,525.5880000000002,IC50,3500.0,nm,5.46,5.46,0,,
ChEMBL,CHEMBL5047300,24415472,CHEMBL5085544,Oc1cc(-c2ncc3c(N4C[C@H]5CC[C@@H](C4)N5)nc(OCCN4C[C@@H]5C[C@H]4CO5)nc3c2F)c2ccccc2c1,542.6150000000004,IC50,3000.0,nm,5.52,5.52,0,,
ChEMBL,CHEMBL5047300,24415473,CHEMBL5091064,Oc1cc(-c2ncc3c(N4C[C@H]5CC[C@@H](C4)N5)nc(OCC45CCCN4CCC5)nc3c2F)c2ccccc2c1,540.6430000000004,IC50,270.0,nm,6.57,6.57,1,,
ChEMBL,CHEMBL5047300,24415477,CHEMBL5084656,Fc1c(-c2cccc3cccc(F)c23)ncc2c(N3C[C@H]4CC[C@@H](C3)N4)nc(OCC34CCCN3CCC4)nc12,542.6340000000004,IC50,380.0,nm,6.42,6.42,1,,
ChEMBL,CHEMBL5047300,24415479,CHEMBL5093531,Cc1cccc2cccc(-c3ncc4c(N5C[C@H]6CC[C@@H](C5)N6)nc(OCC56CCCN5CCC6)nc4c3F)c12,538.6710000000005,IC50,2500.0,nm,5.60,5.60,0,,
ChEMBL,CHEMBL5047300,24415482,CHEMBL5091244,C#Cc1cccc2cccc(-c3ncc4c(N5C[C@H]6CC[C@@H](C5)N6)nc(OCC56CCCN5CCC6)nc4c3F)c12,548.6660000000005,IC50,71.0,nm,7.15,7.15,1,,
ChEMBL,CHEMBL5047300,24415483,CHEMBL5094356,Fc1ccc2cccc(-c3ncc4c(N5C[C@H]6CC[C@@H](C5)N6)nc(OCC56CCCN5CCC6)nc4c3F)c2c1,542.6340000000004,IC50,370.0,nm,6.43,6.43,1,,
ChEMBL,CHEMBL5047300,24415489,CHEMBL5089026,Oc1cc(-c2ncc3c(N4CC5CCC(C4)N5)ncnc3c2F)c2ccccc2c1,401.44500000000005,IC50,10000.0,nm,,5.0,0,,
ChEMBL,CHEMBL5047300,24415490,CHEMBL5073668,CN(C)CCOc1nc(N2C[C@H]3CC[C@@H](C2)N3)c2cnc(-c3cc(O)cc4ccccc34)c(F)c2n1,488.5670000000002,IC50,10000.0,nm,,5.0,0,,
ChEMBL,CHEMBL5047300,24415492,CHEMBL5082116,Fc1c(-c2cccc3ccccc23)ncc2c(N3C[C@H]4CC[C@@H](C3)N4)nc(OCC34CCCN3CCC4)nc12,524.6440000000005,IC50,10000.0,nm,,5.0,0,,
ChEMBL,CHEMBL5256557,25084400,CHEMBL5277217,[2H]C([2H])(Oc1nc2c(c(N3CC4CCC(C3)N4)n1)CCN(c1cc(O)ccc1C(F)(F)F)C2)C12CCCN1CCC2,546.6342035560001,IC50,250.0,nm,,6.6020599913279625,1,,
ChEMBL,CHEMBL5374156,25663167,CHEMBL5431156,N#Cc1c(N)sc2c(F)ccc(-c3c(Cl)cc4c(N5CC6CCC(C5)N6)ncnc4c3F)c12,482.9470000000003,IC50,5.32,nm,8.27,8.27,1,,
ChEMBL,CHEMBL5540171,25963164,CHEMBL5569441,CCc1cccc2cc(O)cc(-c3ncc4c(N5C[C@H]6CC[C@@H](C5)N6)nc(OC[C@@H]5CCCN5C)nc4c3F)c12,542.6590000000003,IC50,5.8,nm,8.24,8.24,1,,
ChEMBL,CHEMBL5736486,28261694,CHEMBL5938048,O=C(CCc1c[nH]c2ccccc12)Nc1nnc(-c2ccccn2)[nH]1,332.367,IC50,5000.0,nm,,5.301029995663981,0,,
ChEMBL,CHEMBL5736486,28261697,CHEMBL5884320,CC(Oc1cccc(C#N)c1)C(=O)Nc1nnc(-c2ccccn2)[nH]1,334.33899999999994,IC50,5000.0,nm,,5.301029995663981,0,,
ChEMBL,CHEMBL5736486,28261700,CHEMBL5866398,Cc1cccc(OCC(=O)Nc2nnc(-c3ccccn3)[nH]2)c1,309.329,IC50,7500.0,nm,5.12,5.12,0,,
ChEMBL,CHEMBL5736486,28261703,CHEMBL5817812,O=c1nc(-c2ccccn2)[nH]c2c1sc1ccccc12,279.324,IC50,20500.0,nm,4.69,4.69,0,,
ChEMBL,CHEMBL5736486,28261706,CHEMBL5924005,COc1ccc(COCC(=O)N2CCCc3c(O)nc(-c4ccccn4)nc32)cc1,406.44200000000006,IC50,5000.0,nm,,5.301029995663981,0,,
ChEMBL,CHEMBL5736486,28261709,CHEMBL5756840,CS(=O)(=O)c1cccc(C(=O)N2CCCc3c(O)nc(-c4ccccn4)nc32)c1,410.45500000000004,IC50,7500.0,nm,5.12,5.12,0,,
ChEMBL,CHEMBL5736486,28261712,CHEMBL5926740,O=C(c1csc2c(O)nc(-c3ccccn3)nc12)N1CCN(c2ccccc2)CC1,417.49400000000026,IC50,7500.0,nm,5.12,5.12,0,,
ChEMBL,CHEMBL5736486,28261715,CHEMBL5825935,Oc1nc(-c2ccccn2)nc2sccc12,229.26399999999998,IC50,20500.0,nm,4.69,4.69,0,,
ChEMBL,CHEMBL5736486,28261718,CHEMBL5785483,OCc1ccnc(-c2nc(O)c3ccsc3n2)c1,259.29,IC50,7500.0,nm,5.12,5.12,0,,
ChEMBL,CHEMBL5736486,28261721,CHEMBL5873415,O=C(c1csc2c(O)nc(-c3ccccn3)nc12)N1CCN(Cc2cccc(O)c2)CC1,447.5200000000003,IC50,20500.0,nm,4.69,4.69,0,,
ChEMBL,CHEMBL5736486,28261724,CHEMBL5886946,O=C(c1csc2c(O)nc(-c3ccccn3)nc12)N1CCOC(c2nccs2)C1,425.49500000000023,IC50,7500.0,nm,5.12,5.12,0,,
ChEMBL,CHEMBL5736486,28261727,CHEMBL5878920,CC1CN(c2ccccc2)CCN1C(=O)c1csc2c(O)nc(-c3ccccn3)nc12,431.5210000000001,IC50,7500.0,nm,5.12,5.12,0,,
ChEMBL,CHEMBL5736486,28261730,CHEMBL5741814,COc1ccccc1C1CN(C(=O)c2csc3c(O)nc(-c4ccccn4)nc23)CCO1,448.5040000000002,IC50,20500.0,nm,4.69,4.69,0,,
ChEMBL,CHEMBL5736486,28261733,CHEMBL5904679,O=C(c1csc2c(O)nc(-c3ccccn3)nc12)N1CCOC(c2ccccc2Cl)C1,452.92300000000023,IC50,7500.0,nm,5.12,5.12,0,,
ChEMBL,CHEMBL5736486,28261736,CHEMBL6048725,COc1cccc(C2CN(C(=O)c3csc4c(O)nc(-c5ccccn5)nc34)CCN2)c1,447.52000000000015,IC50,20500.0,nm,4.69,4.69,0,,
ChEMBL,CHEMBL5736486,28261739,CHEMBL5949944,N#Cc1ccc(COCC(=O)Nc2nc(-c3ccccn3)nc3sccc23)cc1,401.4510000000001,IC50,20500.0,nm,4.69,4.69,0,,
ChEMBL,CHEMBL5736486,28261742,CHEMBL5762420,OCc1ccnc(-c2nc(O)c3c(Cl)csc3n2)c1,293.735,IC50,20500.0,nm,4.69,4.69,0,,
ChEMBL,CHEMBL5736486,28261745,CHEMBL5884953,O=C(c1csc2c(O)nc(-c3ccccn3)nc12)N1CCN(c2ccc(O)c(Cl)c2)CC1,467.93800000000033,IC50,20500.0,nm,4.69,4.69,0,,
ChEMBL,CHEMBL5736486,28261748,CHEMBL6051970,CC(c1ccccc1)N1CCN(C(=O)c2csc3c(O)nc(-c4ccccn4)nc23)CC1,445.5480000000002,IC50,20500.0,nm,4.69,4.69,0,,
ChEMBL,CHEMBL5736486,28261751,CHEMBL5981972,O=C(c1csc2c(O)nc(-c3ccccn3)nc12)N1CCNC(c2ccc(O)cc2)C1,433.4930000000002,IC50,7500.0,nm,5.12,5.12,0,,
ChEMBL,CHEMBL5736486,28261754,CHEMBL5789053,CN1CCN(c2nc(-c3ccccn3)nc3scc(C(=O)NCCc4cnc(O)nc4)c23)CC1,476.5660000000004,IC50,30000.0,nm,,4.522878745280337,0,,
ChEMBL,CHEMBL5736486,28261757,CHEMBL5919497,Oc1nc(-c2ccccn2)nc2c(-c3cc(F)cc(F)c3)csc12,341.342,IC50,30000.0,nm,,4.522878745280337,0,,
ChEMBL,CHEMBL5736486,28261760,CHEMBL5900980,CN(C)Cc1ccc(F)c(-c2csc3c(O)nc(-c4ccccn4)nc23)c1,380.4480000000001,IC50,20500.0,nm,4.69,4.69,0,,
ChEMBL,CHEMBL5736486,28261763,CHEMBL5774607,CCn1nc(C)cc1-c1csc2c(O)nc(-c3ccccn3)nc12,337.408,IC50,20500.0,nm,4.69,4.69,0,,
ChEMBL,CHEMBL5736486,28261766,CHEMBL5930577,COC(=O)c1cc2nc(-c3ccccn3)nc(O)c2s1,287.3,IC50,30000.0,nm,,4.522878745280337,0,,
ChEMBL,CHEMBL5738512,28812461,CHEMBL5899736,CN1CCC[C@H]1COc1nc(N2CC3CCC(C2)N3)c2cnc(-c3cc(O)cc4ccccc34)cc2n1,496.6150000000001,IC50,125.0,nm,6.90,6.90,1,,
ChEMBL,CHEMBL5738512,28812467,CHEMBL5200392,CN1CCC[C@H]1COc1nc(N2CC3CCC(C2)N3)c2cnc(-c3cc(O)cc4ccccc34)c(F)c2n1,514.6050000000001,IC50,2.7,nm,8.57,8.57,1,,
ChEMBL,CHEMBL5738512,28812473,CHEMBL5907046,Cn1ccnc1CCOc1nc(N2CC3CCC(C2)N3)c2cnc(-c3cc(O)cc4ccccc34)c(F)c2n1,525.5880000000002,IC50,9.5,nm,8.02,8.02,1,,
ChEMBL,CHEMBL5738512,28812476,CHEMBL6053286,Oc1cccc2cccc(-c3ncc4c(N5CC6CCC(C5)N6)nc(OCC56CCCN5CCC6)nc4c3F)c12,540.6430000000005,IC50,500.0,nm,6.30,6.30,1,,
ChEMBL,CHEMBL5738512,28812479,CHEMBL6007936,Oc1cc(-c2ncc3c(N4CC5CCC(C4)N5)nc(OCCc4ccccn4)nc3c2F)c2ccccc2c1,522.5840000000003,IC50,496.0,nm,6.30,6.30,1,,
ChEMBL,CHEMBL5738512,28812485,CHEMBL5773558,Cn1nccc1COc1nc(N2CC3CCC(C2)N3)c2cnc(-c3cc(O)cc4ccccc34)c(F)c2n1,511.56100000000015,IC50,723.0,nm,6.14,6.14,1,,
ChEMBL,CHEMBL5738512,28812491,CHEMBL6019240,Cc1cccnc1CCOc1nc(N2CC3CCC(C2)N3)c2cnc(-c3cc(O)cc4ccccc34)c(F)c2n1,536.6110000000001,IC50,434.0,nm,6.36,6.36,1,,
ChEMBL,CHEMBL5738512,28812497,CHEMBL6063358,Oc1cc(-c2ncc3c(N4CC5CCC(C4)N5)nc(OCCc4ncccn4)nc3c2F)c2ccccc2c1,523.5720000000002,IC50,1867.0,nm,5.73,5.73,0,,
ChEMBL,CHEMBL5738512,28812503,CHEMBL5944472,Cn1ccc(COc2nc(N3CC4CCC(C3)N4)c3cnc(-c4cc(O)cc5ccccc45)c(F)c3n2)n1,511.5610000000002,IC50,1522.0,nm,5.82,5.82,0,,
ChEMBL,CHEMBL5738512,28812509,CHEMBL5896634,Cn1cnc(COc2nc(N3CC4CCC(C3)N4)c3cnc(-c4cc(O)cc5ccccc45)c(F)c3n2)c1,511.5610000000002,IC50,821.0,nm,6.09,6.09,1,,
ChEMBL,CHEMBL5738512,28812518,CHEMBL6050774,C#Cc1cccc2cc(O)cc(-c3ncc4c(N5CC6CCC(C5)N6)ncnc4c3F)c12,425.46700000000016,IC50,4.2,nm,8.38,8.38,1,,
ChEMBL,CHEMBL5738512,28812521,CHEMBL5990291,Cc1cccc2cccc(-c3ncc4c(N5CC6CCC(C5)N6)nc(OC[C@@H]5CCCN5C)nc4c3F)c12,512.6330000000004,IC50,260.0,nm,6.58,6.58,1,,
ChEMBL,CHEMBL5738512,28812527,CHEMBL5783210,CN1C[C@H](F)C[C@H]1COc1nc(N2CC3CCC(C2)N3)c2cnc(-c3cc(O)cc4ccccc34)c(F)c2n1,532.5950000000001,IC50,54.1,nm,7.27,7.27,1,,
ChEMBL,CHEMBL5738512,28812533,CHEMBL5870307,C[C@H](CN(C)C)Oc1nc(N2CC3CCC(C2)N3)c2cnc(-c3cc(O)cc4ccccc34)c(F)c2n1,502.59400000000016,IC50,666.0,nm,6.18,6.18,1,,
ChEMBL,CHEMBL5738512,28812539,CHEMBL6007543,CN(C)CCOc1nc(N2CC3CCC(C2)N3)c2cnc(-c3cc(O)cc4ccccc34)c(F)c2n1,488.5670000000002,IC50,76.8,nm,7.12,7.12,1,,
ChEMBL,CHEMBL5738512,28812545,CHEMBL5819579,CN1CCC[C@H]1COc1nc(N2CC3CCC(C2)N3)c2cnc(-c3cccc4ccc(F)cc34)c(F)c2n1,516.5960000000001,IC50,122.0,nm,6.91,6.91,1,,
ChEMBL,CHEMBL5738512,28812548,CHEMBL5788518,Cc1cc2[nH]ncc2c(-c2ncc3c(N4CC5CCC(C4)N5)nc(OCC45CCCN4CCC5)nc3c2F)c1C,542.6630000000004,IC50,3.5,nm,8.46,8.46,1,,
ChEMBL,CHEMBL5738512,28812551,CHEMBL5986167,CN1CCC[C@H]1COc1nc(N2CC3CCC(C2)N3)c2cnc(-c3cccc4ccccc34)c(F)c2n1,498.6060000000001,IC50,692.0,nm,6.16,6.16,1,,
ChEMBL,CHEMBL5738512,28812554,CHEMBL5917666,Cc1cc2[nH]ccc2c(-c2ncc3c(N4CC5CCC(C4)N5)nc(OCC45CCCN4CCC5)nc3c2F)c1C,541.6750000000004,IC50,28.2,nm,7.55,7.55,1,,
ChEMBL,CHEMBL5738512,28812557,CHEMBL5932864,CN1CCC[C@H]1COc1nc(N2CC3CCC(C2)N3)c2cnc(-c3cccc4c3CCCC4)c(F)c2n1,502.63800000000026,IC50,263.0,nm,6.58,6.58,1,,
ChEMBL,CHEMBL5738512,28812563,CHEMBL5748258,Oc1cc(-c2ncc3c(N4CC5CCC(C4)N5)nc(OCCCN4CCOCC4)nc3c2F)c2ccccc2c1,544.6310000000004,IC50,50.3,nm,7.30,7.30,1,,
ChEMBL,CHEMBL5738512,28812575,CHEMBL5906561,Oc1cc(-c2ncc3c(N4CC5CCC(C4)N5)nc(OCCN4CCOCC4)nc3c2F)c2ccccc2c1,530.6040000000004,IC50,338.0,nm,6.47,6.47,1,,
ChEMBL,CHEMBL5738512,28812581,CHEMBL5848663,Oc1cc(-c2ncc3c(N4CC5CCC(C4)N5)nc(OCCN4C[C@@H]5CC4CO5)nc3c2F)c2ccccc2c1,542.6150000000004,IC50,42.1,nm,7.38,7.38,1,,
ChEMBL,CHEMBL5738512,28812590,CHEMBL5985734,Cc1ccc(O)cc1-c1ncc2c(N3CC4CCC(C3)N4)nc(OCC34CCCN3CCC4)nc2c1F,504.6100000000004,IC50,13.2,nm,7.88,7.88,1,,
ChEMBL,CHEMBL5738512,28812599,CHEMBL5812300,CN1CCC[C@H]1COc1nc(N2CC3C[C@@H](O)C(C2)N3)c2cnc(-c3cc(O)cc4ccccc34)c(F)c2n1,530.6040000000002,IC50,1.6,nm,8.80,8.80,1,,
ChEMBL,CHEMBL5738512,28812620,CHEMBL5981522,NCCOc1nc(N2CC3CCC(C2)N3)c2cnc(-c3cccc4cccc(Cl)c34)c(F)c2n1,478.95900000000023,IC50,8304.0,nm,5.08,5.08,0,,
ChEMBL,CHEMBL5738512,28812623,CHEMBL5831259,OCC(CO)COc1nc(N2CC3CCC(C2)N3)c2cnc(-c3cccc4cccc(Cl)c34)c(F)c2n1,523.9960000000001,IC50,475.0,nm,6.32,6.32,1,,
ChEMBL,CHEMBL5738512,28812626,CHEMBL6030998,NC1(COc2nc(N3CC4CCC(C3)N4)c3cnc(-c4cccc5cccc(Cl)c45)c(F)c3n2)CCCCC1,547.0780000000001,IC50,2256.0,nm,5.65,5.65,0,,
ChEMBL,CHEMBL5738512,28812632,CHEMBL5873176,CCc1ccc(O)cc1-c1ncc2c(N3CC4CCC(C3)N4)nc(OCC34CCCN3CCC4)nc2c1F,518.6370000000004,IC50,1.5,nm,8.82,8.82,1,,
ChEMBL,CHEMBL5738512,28812635,CHEMBL5802120,Oc1cc(-c2ncc3c(N4CC5CCC(C4)N5)nc(N4CC(O)C4)nc3c2F)c2ccccc2c1,472.52400000000017,IC50,405.0,nm,6.39,6.39,1,,
ChEMBL,CHEMBL5738512,28812638,CHEMBL5850210,Fc1ccccc1-c1ncc2c(N3CC4CCC(C3)N4)nc(OCC34CCCN3CCC4)nc2c1F,492.57400000000035,IC50,4699.0,nm,5.33,5.33,0,,
ChEMBL,CHEMBL5738512,28812641,CHEMBL5982513,Oc1cc(-c2ncc3c(N4CC5CCC(C4)N5)nc(OCCCC(F)(F)F)nc3c2F)c2ccccc2c1,527.5220000000002,IC50,174.0,nm,6.76,6.76,1,,
ChEMBL,CHEMBL5738512,28812644,CHEMBL5875732,Nc1cccc(F)c1-c1ncc2c(N3CC4CCC(C3)N4)nc(OCC34CCCN3CCC4)nc2c1F,507.5890000000004,IC50,794.0,nm,6.10,6.10,1,,
ChEMBL,CHEMBL5738512,28812647,CHEMBL5939198,COCCN1CCC(Oc2nc(N3CC4CCC(C3)N4)c3cnc(-c4cccc5ccccc45)c(F)c3n2)CC1,542.659,IC50,10000.0,nm,,5.0,0,,
ChEMBL,CHEMBL5738512,28812653,CHEMBL5806757,Oc1cc(-c2ncc3c(N4CC5CCC(C4)N5)nc(OC[C@@H]4CC5CCN4C5)nc3c2F)c2ccccc2c1,526.6160000000003,IC50,4.0,nm,8.40,8.40,1,,
ChEMBL,CHEMBL5738512,28812656,CHEMBL5898566,Oc1ccccc1-c1ncc2c(N3CC4CCC(C3)N4)nc(OCC34CCCN3CCC4)nc2c1F,490.58300000000037,IC50,3262.0,nm,5.49,5.49,0,,
ChEMBL,CHEMBL5738512,28812662,CHEMBL5923701,CNc1c(F)cccc1-c1ncc2c(N3CC4CCC(C3)N4)nc(OCC34CCCN3CCC4)nc2c1F,521.6160000000004,IC50,1546.0,nm,5.81,5.81,0,,
ChEMBL,CHEMBL5738512,28812665,CHEMBL5775996,CO[C@@H]1C[C@@H](COc2nc(N3CC4CCC(C3)N4)c3cnc(-c4cc(O)cc5ccccc45)c(F)c3n2)N(C)C1,544.6310000000001,IC50,3.1,nm,8.51,8.51,1,,
ChEMBL,CHEMBL5738512,28812668,CHEMBL5989132,CCNc1c(F)cccc1-c1ncc2c(N3CC4CCC(C3)N4)nc(OCC34CCCN3CCC4)nc2c1F,535.6430000000005,IC50,4038.0,nm,5.39,5.39,0,,
ChEMBL,CHEMBL5738512,28812674,CHEMBL5842499,Nc1c(F)cccc1-c1ncc2c(N3CC4CCC(C3)N4)nc(OCC34CCCN3CCC4)nc2c1F,507.5890000000004,IC50,4492.0,nm,5.35,5.35,0,,
ChEMBL,CHEMBL5738512,28812680,CHEMBL6023761,Oc1cccc(-c2ncc3c(N4CC5CCC(C4)N5)nc(OCC45CCCN4CCC5)nc3c2F)c1,490.58300000000037,IC50,1622.0,nm,5.79,5.79,0,,
ChEMBL,CHEMBL5738512,28812686,CHEMBL5965852,Cc1ccccc1-c1ncc2c(N3CC4CCC(C3)N4)nc(OCC34CCCN3CCC4)nc2c1F,488.6110000000004,IC50,1179.0,nm,5.93,5.93,0,,
ChEMBL,CHEMBL5738512,28812692,CHEMBL5808884,COc1ccccc1-c1ncc2c(N3CC4CCC(C3)N4)nc(OCC34CCCN3CCC4)nc2c1F,504.6100000000004,IC50,1341.0,nm,5.87,5.87,0,,
ChEMBL,CHEMBL5738512,28812695,CHEMBL5826328,CCCOc1nc(N2CC3CCC(C2)N3)c2cnc(-c3cc(O)cc4ccccc34)c(F)c2n1,459.5250000000002,IC50,265.0,nm,6.58,6.58,1,,
ChEMBL,CHEMBL5738512,28812698,CHEMBL5876087,Cc1c(Cl)cccc1-c1ncc2c(N3CC4CCC(C3)N4)nc(OCC34CCCN3CCC4)nc2c1F,523.0560000000005,IC50,35.9,nm,7.45,7.45,1,,
ChEMBL,CHEMBL5738512,28812701,CHEMBL6014784,Oc1cc(-c2ncc3c(N4CC5CCC(C4)N5)nc(OCC(F)(F)F)nc3c2F)c2ccccc2c1,499.46800000000013,IC50,434.0,nm,6.36,6.36,1,,
ChEMBL,CHEMBL5738512,28812704,CHEMBL5812240,Cc1cccc(-c2ncc3c(N4CC5CCC(C4)N5)nc(OCC45CCCN4CCC5)nc3c2F)c1C,502.63800000000043,IC50,53.8,nm,7.27,7.27,1,,
ChEMBL,CHEMBL5738512,28812710,CHEMBL5907457,Cc1cccc(-c2ncc3c(N4CC5CCC(C4)N5)nc(OCC45CCCN4CCC5)nc3c2F)c1Cl,523.0560000000004,IC50,16.2,nm,7.79,7.79,1,,
ChEMBL,CHEMBL5738512,28812713,CHEMBL6051701,Oc1cc(-c2ncc3c(N4CC5CCC(C4)N5)nc(OC[C@@H]4CCCN4)nc3c2F)c2ccccc2c1,500.57800000000026,IC50,2.5,nm,8.60,8.60,1,,
ChEMBL,CHEMBL5738512,28812716,CHEMBL6005404,Fc1c(-c2cccc(Cl)c2Cl)ncc2c(N3CC4CCC(C3)N4)nc(OCC34CCCN3CCC4)nc12,543.4740000000004,IC50,35.2,nm,7.45,7.45,1,,
ChEMBL,CHEMBL5738512,28812719,CHEMBL5847248,Oc1cc(-c2ncc3c(N4CC5CCC(C4)N5)nc(OCC4(C(F)(F)F)CC4)nc3c2F)c2ccccc2c1,539.5330000000002,IC50,292.0,nm,6.54,6.54,1,,
ChEMBL,CHEMBL5738512,28812722,CHEMBL5863463,C#Cc1cccc2cccc(-c3ncc4c(N5CC6CCC(C5)N6)nc(OCC56CCCN5CCC6)nc4c3F)c12,548.6660000000005,IC50,0.7,nm,9.15,9.15,1,,
ChEMBL,CHEMBL5738512,28812725,CHEMBL5803405,Oc1cc(-c2ncc3c(N4CC5CCC(C4)N5)nc(OCC(F)(F)C(F)F)nc3c2F)c2ccccc2c1,531.4850000000001,IC50,318.0,nm,6.50,6.50,1,,
ChEMBL,CHEMBL5738512,28812728,CHEMBL5930957,C#CCc1ccc(O)cc1-c1ncc2c(N3CC4CCC(C3)N4)nc(OCC34CCCN3CCC4)nc2c1F,528.6320000000005,IC50,1.6,nm,8.80,8.80,1,,
ChEMBL,CHEMBL5738512,28812731,CHEMBL5826867,Fc1c(-c2cccc3cccc(Cl)c23)ncc2c(N3CC4CCC(C3)N4)nc(OCC3COC3)nc12,505.9810000000004,IC50,1881.0,nm,5.73,5.73,0,,
ChEMBL,CHEMBL5738512,28812743,CHEMBL6013965,OC[C@H](O)COc1nc(N2CC3CCC(C2)N3)c2cnc(-c3cccc4cccc(Cl)c34)c(F)c2n1,509.9690000000002,IC50,6131.0,nm,5.21,5.21,0,,
ChEMBL,CHEMBL5738512,28812749,CHEMBL5921595,OC[C@@H](O)COc1nc(N2CC3CCC(C2)N3)c2cnc(-c3cccc4cccc(Cl)c34)c(F)c2n1,509.9690000000002,IC50,5917.0,nm,5.23,5.23,0,,
ChEMBL,CHEMBL5738512,28812755,CHEMBL5758265,OCC(O)CCOc1nc(C2CC3CCC(C2)N3)c2cnc(-c3cccc4cccc(Cl)c34)c(F)c2n1,523.0080000000002,IC50,7286.0,nm,5.14,5.14,0,,
ChEMBL,CHEMBL5738512,28812761,CHEMBL5742677,OCC[C@@H](CO)Oc1nc(C2CC3CCC(C2)N3)c2cnc(-c3cccc4cccc(Cl)c34)c(F)c2n1,523.0080000000002,IC50,2327.0,nm,5.63,5.63,0,,
ChEMBL,CHEMBL5738512,28812764,CHEMBL6018779,Fc1c(-c2ccccc2[C@@H]2C[C@H]2F)ncc2c(N3CC4CCC(C3)N4)nc(OCC34CCCN3CCC4)nc12,532.6390000000005,IC50,279.0,nm,6.55,6.55,1,,
ChEMBL,CHEMBL5738512,28812770,CHEMBL5935772,C[C@@H]1C[C@@H]1c1ccccc1-c1ncc2c(N3CC4CCC(C3)N4)nc(OCC34CCCN3CCC4)nc2c1F,528.6760000000005,IC50,17.2,nm,7.76,7.76,1,,
ChEMBL,CHEMBL5738512,28812776,CHEMBL5888364,C[C@H]1C[C@H]1c1ccccc1-c1ncc2c(N3CC4CCC(C3)N4)nc(OCC34CCCN3CCC4)nc2c1F,528.6760000000005,IC50,90.7,nm,7.04,7.04,1,,
ChEMBL,CHEMBL5738512,28812779,CHEMBL5895141,O=C(O)CCOc1nc(N2CC3CCC(C2)N3)c2cnc(-c3cccc4cccc(Cl)c34)c(F)c2n1,507.95300000000015,IC50,4081.0,nm,5.39,5.39,0,,
ChEMBL,CHEMBL5738512,28812782,CHEMBL6001924,C[C@@H]1C[C@H]1c1ccccc1-c1ncc2c(N3CC4CCC(C3)N4)nc(OCC34CCCN3CCC4)nc2c1F,528.6760000000005,IC50,590.0,nm,6.23,6.23,1,,
ChEMBL,CHEMBL5738512,28812788,CHEMBL5985025,C[C@H]1C[C@@H]1c1ccccc1-c1ncc2c(N3CC4CCC(C3)N4)nc(OCC34CCCN3CCC4)nc2c1F,528.6760000000005,IC50,218.0,nm,6.66,6.66,1,,
ChEMBL,CHEMBL5738512,28812791,CHEMBL5905084,CN1CCC[C@H]1COc1nc(N2CC3CCC(C2)N3)c2cnc(-c3cc(O)cc4cccc(Cl)c34)c(F)c2n1,549.0500000000001,IC50,0.4,nm,9.40,9.40,1,,
ChEMBL,CHEMBL5738512,28812812,CHEMBL5764818,Fc1c(-c2ccccc2C(F)F)ncc2c(N3CC4CCC(C3)N4)nc(OCC34CCCN3CCC4)nc12,524.5910000000003,IC50,692.0,nm,6.16,6.16,1,,
ChEMBL,CHEMBL5738512,28812818,CHEMBL5768450,Cc1c(F)cccc1-c1ncc2c(N3CC4CCC(C3)N4)nc(OCC34CCCN3CCC4)nc2c1F,506.6010000000004,IC50,620.0,nm,6.21,6.21,1,,
ChEMBL,CHEMBL5738512,28812821,CHEMBL5990636,COCCCOc1nc(N2CC3CCC(C2)N3)c2cnc(-c3cc(O)cc4ccccc34)c(F)c2n1,489.55100000000016,IC50,257.0,nm,6.59,6.59,1,,
ChEMBL,CHEMBL5738512,28812824,CHEMBL5830939,CCc1ccccc1-c1ncc2c(N3CC4CCC(C3)N4)nc(OCC34CCCN3CCC4)nc2c1F,502.6380000000004,IC50,192.0,nm,6.72,6.72,1,,
ChEMBL,CHEMBL5738512,28812827,CHEMBL6041558,OCCOc1nc(N2CC3CCC(C2)N3)c2cnc(-c3cc(O)cc4ccccc34)c(F)c2n1,461.4970000000002,IC50,530.0,nm,6.28,6.28,1,,
ChEMBL,CHEMBL5738512,28812830,CHEMBL5793285,CN(C)c1ccccc1-c1ncc2c(N3CC4CCC(C3)N4)nc(OCC34CCCN3CCC4)nc2c1F,517.6530000000004,IC50,112.0,nm,6.95,6.95,1,,
ChEMBL,CHEMBL5738512,28812833,CHEMBL5754583,COCCOc1nc(N2CC3CCC(C2)N3)c2cnc(-c3cc(O)cc4ccccc34)c(F)c2n1,475.52400000000017,IC50,356.0,nm,6.45,6.45,1,,
ChEMBL,CHEMBL5738512,28812836,CHEMBL5971110,Fc1c(-c2ccccc2C2CC2)ncc2c(N3CC4CCC(C3)N4)nc(OCC34CCCN3CCC4)nc12,514.6490000000005,IC50,88.9,nm,7.05,7.05,1,,
ChEMBL,CHEMBL5738512,28812839,CHEMBL5980144,O=S1(=O)CCC(Oc2nc(N3CC4CCC(C3)N4)c3cnc(-c4cc(O)cc5ccccc45)c(F)c3n2)CC1,549.628,IC50,126.0,nm,6.90,6.90,1,,
ChEMBL,CHEMBL5738512,28812845,CHEMBL5934418,Oc1cc(-c2ncc3c(N4CC5CCC(C4)N5)nc(OC4CCOCC4)nc3c2F)c2ccccc2c1,501.5620000000003,IC50,513.0,nm,6.29,6.29,1,,
ChEMBL,CHEMBL5738512,28812848,CHEMBL5822200,CC(C)c1c(F)cccc1-c1ncc2c(N3CC4CCC(C3)N4)nc(OCC34CCCN3CCC4)nc2c1F,534.6550000000004,IC50,132.0,nm,6.88,6.88,1,,
ChEMBL,CHEMBL5738512,28812851,CHEMBL5917657,Oc1cc(-c2ncc3c(N4CC5CCC(C4)N5)nc(OCC4CCCC4)nc3c2F)c2ccccc2c1,499.5900000000003,IC50,573.0,nm,6.24,6.24,1,,
ChEMBL,CHEMBL5738512,28812854,CHEMBL5849451,CCC(C)c1ccccc1-c1ncc2c(N3CC4CCC(C3)N4)nc(OCC34CCCN3CCC4)nc2c1F,530.6920000000005,IC50,768.0,nm,6.12,6.12,1,,
ChEMBL,CHEMBL5738512,28812857,CHEMBL6024085,Oc1cc(-c2ncc3c(N4CC5CCC(C4)N5)nc(N4CC5(CCOCC5)C4)nc3c2F)c2ccccc2c1,526.6160000000003,IC50,188.0,nm,6.73,6.73,1,,
ChEMBL,CHEMBL5738512,28812860,CHEMBL5824370,Cc1cccc(-c2ncc3c(N4CC5CCC(C4)N5)nc(OCC45CCCN4CCC5)nc3c2F)c1C(C)C,530.6920000000003,IC50,35.1,nm,7.46,7.46,1,,
ChEMBL,CHEMBL5738512,28812863,CHEMBL5971069,OCCCOc1nc(N2CC3CCC(C2)N3)c2cnc(-c3cc(O)cc4ccccc34)c(F)c2n1,475.52400000000017,IC50,240.0,nm,6.62,6.62,1,,
ChEMBL,CHEMBL5738512,28812869,CHEMBL5747038,Oc1cc(-c2ncc3c(N4CC5CCC(C4)N5)nc(N4CC5(CCOC5)C4)nc3c2F)c2ccccc2c1,512.5890000000004,IC50,131.0,nm,6.88,6.88,1,,
ChEMBL,CHEMBL5738512,28812872,CHEMBL5751096,Fc1c(-c2ccccc2OC(F)F)ncc2c(N3CC4CCC(C3)N4)nc(OCC34CCCN3CCC4)nc12,540.5900000000004,IC50,357.0,nm,6.45,6.45,1,,
ChEMBL,CHEMBL5738512,28812875,CHEMBL5909201,OC[C@@H]1CCCN1c1nc(N2CC3CCC(C2)N3)c2cnc(-c3cc(O)cc4ccccc34)c(F)c2n1,500.5780000000002,IC50,3138.0,nm,5.50,5.50,0,,
ChEMBL,CHEMBL5738512,28812878,CHEMBL5782738,Fc1cccc(-c2ncc3c(N4CC5CCC(C4)N5)nc(OCC45CCCN4CCC5)nc3c2F)c1C1CC1,532.6390000000004,IC50,29.2,nm,7.54,7.54,1,,
ChEMBL,CHEMBL5738512,28812881,CHEMBL5801037,CC(=O)N1CCC(Oc2nc(N3CC4CCC(C3)N4)c3cnc(-c4cc(O)cc5ccccc45)c(F)c3n2)CC1,542.615,IC50,358.0,nm,6.45,6.45,1,,
ChEMBL,CHEMBL5738512,28812884,CHEMBL5955588,CC1(c2ccccc2-c2ncc3c(N4CC5CCC(C4)N5)nc(OCC45CCCN4CCC5)nc3c2F)CC1,528.6760000000003,IC50,367.0,nm,6.43,6.43,1,,
ChEMBL,CHEMBL5738512,28812887,CHEMBL6049931,Oc1cc(-c2ncc3c(N4CC5CCC(C4)N5)nc(OC4CCSCC4)nc3c2F)c2ccccc2c1,517.6300000000003,IC50,336.0,nm,6.47,6.47,1,,
ChEMBL,CHEMBL5738512,28812890,CHEMBL5803323,CC(C)c1ccncc1-c1ncc2c(N3CC4CCC(C3)N4)nc(OCC34CCCN3CCC4)nc2c1F,517.6530000000005,IC50,260.0,nm,6.58,6.58,1,,
ChEMBL,CHEMBL5738512,28812893,CHEMBL6007497,Oc1cc(-c2ncc3c(N4CC5CCC(C4)N5)nc(OC4CCC(F)(F)CC4)nc3c2F)c2ccccc2c1,535.5700000000003,IC50,647.0,nm,6.19,6.19,1,,
ChEMBL,CHEMBL5738512,28812896,CHEMBL5974392,CC(C)c1ncccc1-c1ncc2c(N3CC4CCC(C3)N4)nc(OCC34CCCN3CCC4)nc2c1F,517.6530000000005,IC50,3164.0,nm,5.50,5.50,0,,
ChEMBL,CHEMBL5738512,28812899,CHEMBL5822412,Oc1cc(-c2ncc3c(N4CC5CCC(C4)N5)nc(OCCC(F)(F)F)nc3c2F)c2ccccc2c1,513.4950000000002,IC50,153.0,nm,6.82,6.82,1,,
ChEMBL,CHEMBL5738512,28812905,CHEMBL5753679,[O-][S+]1CCC(Oc2nc(N3CC4CCC(C3)N4)c3cnc(-c4cc(O)cc5ccccc45)c(F)c3n2)CC1,533.629,IC50,227.0,nm,6.64,6.64,1,,
ChEMBL,CHEMBL5738512,28812908,CHEMBL5975644,CC(C)c1ccccc1-c1ncc2c(N3CC4CCC(C3)N4)nc(OCC34CCCN3CCC4)nc2c1F,516.6650000000004,IC50,205.0,nm,6.69,6.69,1,,
ChEMBL,CHEMBL5738512,28812914,CHEMBL6059887,Fc1c(-c2ccccc2Cl)ncc2c(N3CC4CCC(C3)N4)nc(OCC34CCCN3CCC4)nc12,509.0290000000005,IC50,559.0,nm,6.25,6.25,1,,
ChEMBL,CHEMBL5738512,28812917,CHEMBL5808105,Cc1nccn1CCOc1nc(N2CC3CCC(C2)N3)c2cnc(-c3cc(O)cc4ccccc34)c(F)c2n1,525.5880000000002,IC50,31.7,nm,7.50,7.50,1,,
ChEMBL,CHEMBL5738512,28812920,CHEMBL5954685,COc1c(Cl)cccc1-c1ncc2c(N3CC4CCC(C3)N4)nc(OCC34CCCN3CCC4)nc2c1F,539.0550000000005,IC50,135.0,nm,6.87,6.87,1,,
ChEMBL,CHEMBL5738512,28812926,CHEMBL5812551,CCc1c(Cl)cccc1-c1ncc2c(N3CC4CCC(C3)N4)nc(OCC34CCCN3CCC4)nc2c1F,537.0830000000005,IC50,9.0,nm,8.05,8.05,1,,
ChEMBL,CHEMBL5738512,28812932,CHEMBL5963446,COc1c(C)cccc1-c1ncc2c(N3CC4CCC(C3)N4)nc(OCC34CCCN3CCC4)nc2c1F,518.6370000000004,IC50,231.0,nm,6.64,6.64,1,,
ChEMBL,CHEMBL5738512,28812935,CHEMBL6020931,Cc1cccc(CCOc2nc(N3CC4CCC(C3)N4)c3cnc(-c4cc(O)cc5ccccc45)c(F)c3n2)n1,536.6110000000001,IC50,536.0,nm,6.27,6.27,1,,
ChEMBL,CHEMBL5738512,28812941,CHEMBL5785200,Cc1ccc2[nH]ncc2c1-c1ncc2c(N3CC4CCC(C3)N4)nc(OCCc3nccn3C)nc2c1F,513.5810000000004,IC50,7021.0,nm,5.15,5.15,0,,
ChEMBL,CHEMBL5738512,28812944,CHEMBL5826280,OCCc1ccccc1-c1ncc2c(N3CC4CCC(C3)N4)nc(OCC34CCCN3CCC4)nc2c1F,518.6370000000004,IC50,2537.0,nm,5.60,5.60,0,,
ChEMBL,CHEMBL5738512,28812947,CHEMBL5885339,Oc1cc(-c2ncc3c(N4CC5CCC(C4)N5)nc(OCc4ccccn4)nc3c2F)c2ccccc2c1,508.5570000000002,IC50,679.0,nm,6.17,6.17,1,,
ChEMBL,CHEMBL5738512,28812950,CHEMBL6034654,Cc1cccc(F)c1-c1ncc2c(N3CC4CCC(C3)N4)nc(OCCc3nccn3C)nc2c1F,491.5460000000002,IC50,10000.0,nm,,5.0,0,,
ChEMBL,CHEMBL5738512,28812953,CHEMBL5832870,Fc1ccc2cccc(-c3ncc4c(N5CC6CCC(C5)N6)nc(OCCc5cccnc5)nc4c3F)c2c1,524.5750000000003,IC50,4495.0,nm,5.35,5.35,0,,
ChEMBL,CHEMBL5738512,28812956,CHEMBL5959700,COc1nc(N2CC3CCC(C2)N3)c2cnc(-c3cccc4cccc(C)c34)c(F)c2n1,429.49900000000014,IC50,10000.0,nm,,5.0,0,,
ChEMBL,CHEMBL5738512,28812962,CHEMBL6042415,CN1CCC[C@H]1COc1nc(N2CC3CCC(C2)N3)c2cnc(-c3cccc4c3CCC4O)c(F)c2n1,504.6100000000002,IC50,10000.0,nm,,5.0,0,,
ChEMBL,CHEMBL5738512,28812977,CHEMBL5774538,Cn1ccnc1CCOc1nc(N2CC3CCC(C2)N3)c2cnc(-c3cccc4ccccc34)c(F)c2n1,509.5890000000002,IC50,3652.0,nm,5.44,5.44,0,,
ChEMBL,CHEMBL5738512,28812980,CHEMBL5911561,Cc1ccc2cccc(-c3ncc4c(N5CC6CCC(C5)N6)nc(OC[C@@H]5CCCN5C)nc4c3F)c2c1,512.6330000000004,IC50,613.0,nm,6.21,6.21,1,,
ChEMBL,CHEMBL5738512,28812983,CHEMBL5904363,Cn1cncc1COc1nc(N2CC3CCC(C2)N3)c2cnc(-c3cc(O)cc4ccccc34)c(F)c2n1,511.56100000000015,IC50,561.0,nm,6.25,6.25,1,,
ChEMBL,CHEMBL5738512,28812986,CHEMBL5797194,Fc1c(-c2cccc(Cl)c2C2CC2)ncc2c(N3CC4CCC(C3)N4)nc(OCC34CCCN3CCC4)nc12,549.0940000000003,IC50,4.9,nm,8.31,8.31,1,,
ChEMBL,CHEMBL5738512,28812989,CHEMBL6022537,Oc1cc(-c2ncc3c(N4CC5CCC(C4)N5)nc(OCCc4ccccc4)nc3c2F)c2ccccc2c1,521.5960000000002,IC50,2221.0,nm,5.65,5.65,0,,
ChEMBL,CHEMBL5738512,28812992,CHEMBL5983158,CN1CCCC1(CO)COc1nc(N2CC3CCC(C2)N3)c2cnc(-c3cccc4ccccc34)c(F)c2n1,528.6320000000001,IC50,1689.0,nm,5.77,5.77,0,,
ChEMBL,CHEMBL5738512,28813007,CHEMBL5826223,Oc1cc(-c2ncc3c(N4CC5CCC(C4)N5)nc(OCc4cccnc4)nc3c2F)c2ccccc2c1,508.5570000000002,IC50,624.0,nm,6.21,6.21,1,,
ChEMBL,CHEMBL5738512,28813013,CHEMBL6024631,Cc1cccc2cccc(-c3ncc4c(N5CC6CCC(C5)N6)nc(OCCc5nccn5C)nc4c3F)c12,523.6160000000003,IC50,1950.0,nm,5.71,5.71,0,,
ChEMBL,CHEMBL5738512,28813019,CHEMBL6036025,Cc1cccc2cccc(-c3ncc4c(N5CC6CCC(C5)N6)nc(OCCc5cccnc5)nc4c3F)c12,520.6120000000003,IC50,8082.0,nm,5.09,5.09,0,,
ChEMBL,CHEMBL5738512,28813025,CHEMBL5756311,Oc1cc(-c2ncc3c(N4CC5CCC(C4)N5)nc(OCCc4ccc(F)cn4)nc3c2F)c2ccccc2c1,540.5740000000002,IC50,95.8,nm,7.02,7.02,1,,
ChEMBL,CHEMBL5738512,28813028,CHEMBL5835902,CSc1ccccc1-c1ncc2c(N3CC4CCC(C3)N4)nc(OCC34CCCN3CCC4)nc2c1F,520.6780000000005,IC50,202.0,nm,6.70,6.70,1,,
ChEMBL,CHEMBL5738512,28813037,CHEMBL5903362,Cn1ccnc1COc1nc(N2CC3CCC(C2)N3)c2cnc(-c3cc(O)cc4ccccc34)c(F)c2n1,511.56100000000015,IC50,1676.0,nm,5.78,5.78,0,,
ChEMBL,CHEMBL5738512,28813040,CHEMBL5952349,Cc1ccc2[nH]ncc2c1-c1ncc2c(N3CC4CCC(C3)N4)nc(OCC34CCCN3C[C@H](F)C4)nc2c1F,546.6260000000004,IC50,114.0,nm,6.94,6.94,1,,
ChEMBL,CHEMBL5738512,28813043,CHEMBL5875276,COc1nc(N2CC3CCC(C2)N3)c2cnc(-c3cc(O)cc4ccccc34)c(F)c2n1,431.4710000000001,IC50,867.0,nm,6.06,6.06,1,,
ChEMBL,CHEMBL5738512,28813046,CHEMBL5810384,Cc1ccc2[nH]ncc2c1-c1ncc2c(N3CC4CCC(C3)N4)nc(OCC34CCCN3CCC4)nc2c1F,528.6360000000005,IC50,164.0,nm,6.79,6.79,1,,
ChEMBL,CHEMBL5738512,28813049,CHEMBL5793869,Oc1cc(-c2ncc3c(N4CC5CCC(C4)N5)nc(OCCc4cccnc4)nc3c2F)c2ccccc2c1,522.5840000000003,IC50,156.0,nm,6.81,6.81,1,,
ChEMBL,CHEMBL5738512,28813055,CHEMBL5913765,CN(C)CCOc1nc(N2CC3CCC(C2)N3)c2cnc(-c3cccc4cccc(Cl)c34)c(F)c2n1,507.0130000000002,IC50,2118.0,nm,5.67,5.67,0,,
ChEMBL,CHEMBL5738512,28813058,CHEMBL5988209,Cc1cccc2cccc(-c3ncc4c(N5CC6CCC(C5)N6)nc(OCC56CCCN5CCC6)nc4c3F)c12,538.6710000000005,IC50,10.0,nm,8.00,8.00,1,,
ChEMBL,CHEMBL5738512,28813067,CHEMBL5948638,Oc1cc(-c2ncc3c(N4CC5CCC(C4)N5)nc(OCC45CCCN4CCC5)nc3c2F)c2ccccc2c1,540.6430000000004,IC50,0.5,nm,9.30,9.30,1,,
ChEMBL,CHEMBL5738512,28813073,CHEMBL5787315,Cn1cncc1CCOc1nc(N2CC3CCC(C2)N3)c2cnc(-c3cc(O)cc4ccccc34)c(F)c2n1,525.5880000000002,IC50,57.5,nm,7.24,7.24,1,,
ChEMBL,CHEMBL5738512,28813076,CHEMBL5819505,CN1CCC[C@H]1COc1nc(N2CC3CCC(C2)N3)c2cnc(-c3c(Cl)c(O)cc4ccccc34)c(F)c2n1,549.0500000000001,IC50,2.2,nm,8.66,8.66,1,,
ChEMBL,CHEMBL5738512,28813079,CHEMBL5949842,Cn1cncc1CCNc1nc(N2CC3CCC(C2)N3)c2cnc(-c3cc(O)cc4ccccc34)c(F)c2n1,524.6040000000002,IC50,281.0,nm,6.55,6.55,1,,
ChEMBL,CHEMBL5738512,28813085,CHEMBL5975193,Cn1ccnc1CCOc1nc(N2CC3CCC(C2)N3)c2cnc(-c3cccc4ccc(F)cc34)c(F)c2n1,527.5790000000002,IC50,718.0,nm,6.14,6.14,1,,
ChEMBL,CHEMBL5738512,28813091,CHEMBL5745684,Fc1c(-c2cccc3cccc(Cl)c23)ncc2c(N3CC4CCC(C3)N4)nc(OCCc3cccnc3)nc12,541.0300000000003,IC50,2866.0,nm,5.54,5.54,0,,
ChEMBL,CHEMBL5738512,28813097,CHEMBL5842562,Cn1ccnc1CCOc1nc(N2CC3CCC(C2)N3)c2cnc(-c3cccc4cccc(Cl)c34)c(F)c2n1,544.0340000000002,IC50,482.0,nm,6.32,6.32,1,,
ChEMBL,CHEMBL5738512,28813109,CHEMBL5910304,Cc1cccc2cccc(-c3cc4nc(OC[C@@H]5CCCN5C)nc(N5CC6CCC(C5)N6)c4cn3)c12,494.6430000000003,IC50,1438.0,nm,5.84,5.84,0,,
ChEMBL,CHEMBL5738512,28813115,CHEMBL5789006,CN1CCC[C@H]1COc1nc(N2CC3CCC(C2)N3)c2cnc(-c3cccc4cccc(CCC#N)c34)cc2n1,533.6800000000002,IC50,732.0,nm,6.13,6.13,1,,
ChEMBL,CHEMBL5738512,28813121,CHEMBL6043769,Oc1cc(-c2ncc3c(N4CC5CCC(C4)N5)nc(N4CCCC4)nc3c2F)c2ccccc2c1,470.55200000000025,IC50,477.0,nm,6.32,6.32,1,,
ChEMBL,CHEMBL5738512,28813127,CHEMBL6050062,Oc1cc(-c2ncc3c(N4CC5CCC(C4)N5)nc(N4CCC4)nc3c2F)c2ccccc2c1,456.5250000000002,IC50,684.0,nm,6.17,6.17,1,,
ChEMBL,CHEMBL5738512,28813139,CHEMBL6001577,OC[C@@H]1CCN1c1nc(N2CC3CCC(C2)N3)c2cnc(-c3cc(O)cc4ccccc34)c(F)c2n1,486.55100000000016,IC50,204.0,nm,6.69,6.69,1,,
ChEMBL,CHEMBL5738512,28813142,CHEMBL6053648,CC(C)c1ccccc1-c1ncc2c(N3CC4CCC(C3)N4)nc(OCC34CCCN3C[C@H](F)C4)nc2c1F,534.6550000000003,IC50,15.5,nm,7.81,7.81,1,,
ChEMBL,CHEMBL5738512,28813145,CHEMBL5938712,CN(C)C1CN(c2nc(N3CC4CCC(C3)N4)c3cnc(-c4cccc5cccc(Cl)c45)c(F)c3n2)C1,518.0400000000002,IC50,3265.0,nm,5.49,5.49,0,,
ChEMBL,CHEMBL5738512,28813151,CHEMBL5759871,CN1CCC[C@H]1COc1nc(N2CC3CCC(C2)N3)c2cnc(-c3cccc4cccc(Cl)c34)cc2n1,515.061,IC50,754.0,nm,6.12,6.12,1,,
ChEMBL,CHEMBL5738512,28813154,CHEMBL5896135,Oc1c(F)cc(F)c(-c2ncc3c(N4CC5CCC(C4)N5)nc(OCC45CCCN4CCC5)nc3c2F)c1F,544.5530000000005,IC50,3822.0,nm,5.42,5.42,0,,
ChEMBL,CHEMBL5738512,28813157,CHEMBL5971450,CC1(N)CN(c2nc(N3CC4CCC(C3)N4)c3cnc(-c4cc(O)cc5ccccc45)c(F)c3n2)C1,485.56700000000023,IC50,8.6,nm,8.07,8.07,1,,
ChEMBL,CHEMBL5738512,28813160,CHEMBL5798338,CO[C@H]1CN[C@H](COc2nc(N3CC4CCC(C3)N4)c3cnc(-c4cccc5cccc(Cl)c45)c(F)c3n2)C1,549.0500000000001,IC50,94.8,nm,7.02,7.02,1,,
ChEMBL,CHEMBL5738512,28813163,CHEMBL5841841,CC1(N)CN(c2nc(N3CC4CCC(C3)N4)c3cnc(-c4cccc5cccc(Cl)c45)c(F)c3n2)C1,504.0130000000002,IC50,668.0,nm,6.17,6.17,1,,
ChEMBL,CHEMBL5738512,28813169,CHEMBL5863452,CCC1(N)CN(c2nc(N3CC4CCC(C3)N4)c3cnc(-c4cc(O)cc5ccccc45)c(F)c3n2)C1,499.5940000000002,IC50,9.9,nm,8.00,8.00,1,,
ChEMBL,CHEMBL5738512,28813175,CHEMBL5823031,CN(C)C1(C)CN(c2nc(N3CC4CCC(C3)N4)c3cnc(-c4cccc5cccc(Cl)c45)c(F)c3n2)C1,532.0670000000001,IC50,251.0,nm,6.60,6.60,1,,
ChEMBL,CHEMBL5738512,28813181,CHEMBL5826560,CCC1(N)CN(c2nc(N3CC4CCC(C3)N4)c3cnc(-c4cccc5cccc(Cl)c45)c(F)c3n2)C1,518.0400000000002,IC50,501.0,nm,6.30,6.30,1,,
ChEMBL,CHEMBL5738512,28813190,CHEMBL5859388,CN1CC[C@@H](COc2nc(N3CC4CCC(C3)N4)c3cnc(-c4cccc5cccc(Cl)c45)c(F)c3n2)C1,533.051,IC50,87.2,nm,7.06,7.06,1,,
ChEMBL,CHEMBL5738512,28813193,CHEMBL6048017,Fc1c(-c2cccc3cccc(Cl)c23)ncc2c(N3CC4CCC(C3)N4)nc(N3CC4(CCN4)C3)nc12,516.0240000000003,IC50,1647.0,nm,5.78,5.78,0,,
ChEMBL,CHEMBL5738512,28813196,CHEMBL5782564,CN1CC[C@H](COc2nc(N3CC4CCC(C3)N4)c3cnc(-c4cccc5cccc(Cl)c45)c(F)c3n2)C1,533.051,IC50,438.0,nm,6.36,6.36,1,,
ChEMBL,CHEMBL5738512,28813199,CHEMBL5797725,CN1CC(COc2nc(N3CC4CCC(C3)N4)c3cnc(-c4cccc5cccc(Cl)c45)c(F)c3n2)CC1=O,547.0340000000001,IC50,424.0,nm,6.37,6.37,1,,
ChEMBL,CHEMBL5738512,28813202,CHEMBL5909652,CN1CC[C@@H](Oc2nc(N3CC4CCC(C3)N4)c3cnc(-c4cccc5cccc(Cl)c45)c(F)c3n2)C1,519.0240000000001,IC50,1981.0,nm,5.70,5.70,0,,
ChEMBL,CHEMBL5738512,28813205,CHEMBL5854165,CN1CCC[C@H]1COc1nc(N2CC3CCC(C2)N3)c2cnc(-c3cccc4cccc(Cl)c34)c(F)c2n1,533.051,IC50,60.5,nm,7.22,7.22,1,,
ChEMBL,CHEMBL5738512,28813208,CHEMBL5756810,CN1CC[C@H](Oc2nc(N3CC4CCC(C3)N4)c3cnc(-c4cccc5cccc(Cl)c45)c(F)c3n2)C1,519.0240000000001,IC50,1637.0,nm,5.79,5.79,0,,
ChEMBL,CHEMBL5738512,28813211,CHEMBL6029519,CC1CCCc2cccc(-c3ncc4c(N5CC6CCC(C5)N6)nc(OC[C@@H]5CCCN5C)nc4c3F)c21,516.6650000000003,IC50,48.8,nm,7.31,7.31,1,,
ChEMBL,CHEMBL5738512,28813214,CHEMBL5952275,COc1nc(N2CC3CCC(C2)N3)c2cnc(-c3cc(O)cc4cccc(Cl)c34)c(F)c2n1,465.9160000000001,IC50,50.8,nm,7.29,7.29,1,,
ChEMBL,CHEMBL5738512,28813226,CHEMBL5928288,CC(C)(C)c1ccccc1-c1ncc2c(N3CC4CCC(C3)N4)nc(OC[C@@]34CCCN3C[C@H](F)C4)nc2c1F,548.6820000000004,IC50,106.0,nm,6.97,6.97,1,,
ChEMBL,CHEMBL5738512,28813229,CHEMBL6048312,Fc1c(-c2cccc3cccc(Cl)c23)ncc2c(N3CC4CCC(C3)N4)nc(OC[C@@H]3CCCO3)nc12,520.0080000000004,IC50,5151.0,nm,5.29,5.29,0,,
ChEMBL,CHEMBL5738512,28813232,CHEMBL6001538,CNC(C)COc1nc(N2CC3CCC(C2)N3)c2cnc(-c3cccc4cccc(Cl)c34)c(F)c2n1,507.0130000000002,IC50,3932.0,nm,5.41,5.41,0,,
ChEMBL,CHEMBL5738512,28813235,CHEMBL5890558,Fc1c(-c2cccc3cccc(Cl)c23)ncc2c(N3CC4CCC(C3)N4)nc(OC[C@H]3CCCO3)nc12,520.0080000000004,IC50,2633.0,nm,5.58,5.58,0,,
ChEMBL,CHEMBL5738512,28813241,CHEMBL5795672,CO[C@H](C)COc1nc(N2CC3CCC(C2)N3)c2cnc(-c3cccc4cccc(Cl)c34)c(F)c2n1,507.9970000000001,IC50,8068.0,nm,5.09,5.09,0,,
ChEMBL,CHEMBL5738512,28813244,CHEMBL5852523,Cc1ccc(O)cc1-c1ncc2c(N3CC4CCC(C3)N4)nc(OCC34CCCN3C[C@H](F)C4)nc2c1F,522.6000000000004,IC50,34.9,nm,7.46,7.46,1,,
ChEMBL,CHEMBL5738512,28813247,CHEMBL5839176,Nc1cccc(CCOc2nc(N3CC4CCC(C3)N4)c3cnc(-c4cc(O)cc5ccccc45)c(F)c3n2)n1,537.5990000000002,IC50,113.0,nm,6.95,6.95,1,,
ChEMBL,CHEMBL5738512,28813262,CHEMBL6019893,Fc1c(-c2ccccc2C2CC2)ncc2c(N3CC4CCC(C3)N4)nc(OC[C@@]34CCCN3C[C@H](F)C4)nc12,532.6390000000004,IC50,208.0,nm,6.68,6.68,1,,
ChEMBL,CHEMBL5738512,28813268,CHEMBL5762821,Oc1cccc(F)c1-c1ncc2c(N3CC4CCC(C3)N4)nc(OCC34CCCN3C[C@H](F)C4)nc2c1F,526.5630000000004,IC50,221.0,nm,6.66,6.66,1,,
ChEMBL,CHEMBL5738512,28813274,CHEMBL5887202,Fc1c(-c2ccccc2C(F)(F)F)ncc2c(N3CC4CCC(C3)N4)nc(OCC34CCCN3CCC4)nc12,542.5810000000004,IC50,86.1,nm,7.07,7.07,1,,
ChEMBL,CHEMBL5738512,28813277,CHEMBL5951742,Cn1nccc1CCOc1nc(N2CC3CCC(C2)N3)c2cnc(-c3cccc4cccc(Cl)c34)c(F)c2n1,544.0340000000002,IC50,1702.0,nm,5.77,5.77,0,,
ChEMBL,CHEMBL5738512,28813280,CHEMBL6039258,Fc1c(-c2ccccc2C2CCC2)ncc2c(N3CC4CCC(C3)N4)nc(OCC34CCCN3C[C@H](F)C4)nc12,546.6660000000002,IC50,394.0,nm,6.41,6.41,1,,
ChEMBL,CHEMBL5738512,28813283,CHEMBL5874325,Cn1ccc(CCOc2nc(N3CC4CCC(C3)N4)c3cnc(-c4cccc5cccc(Cl)c45)c(F)c3n2)n1,544.0340000000001,IC50,5002.0,nm,5.30,5.30,0,,
ChEMBL,CHEMBL5738512,28813289,CHEMBL5919294,Cn1cc(CCOc2nc(N3CC4CCC(C3)N4)c3cnc(-c4cccc5cccc(Cl)c45)c(F)c3n2)cn1,544.0340000000001,IC50,2286.0,nm,5.64,5.64,0,,
ChEMBL,CHEMBL5738512,28813295,CHEMBL6031071,Fc1c(-c2cccc3cccc(Cl)c23)ncc2c(N3CC4CCC(C3)N4)nc(OCCn3cccn3)nc12,530.0070000000003,IC50,5876.0,nm,5.23,5.23,0,,
ChEMBL,CHEMBL5738512,28813298,CHEMBL6004770,C[C@H](N)COc1nc(N2CC3CCC(C2)N3)c2cnc(-c3cccc4cccc(Cl)c34)c(F)c2n1,492.98600000000016,IC50,348.0,nm,6.46,6.46,1,,
ChEMBL,CHEMBL5738512,28813316,CHEMBL5999616,Cc1cccc(O)c1-c1ncc2c(N3CC4CCC(C3)N4)nc(OC[C@@]34CCCN3C[C@H](F)C4)nc2c1F,522.6000000000004,IC50,417.0,nm,6.38,6.38,1,,
ChEMBL,CHEMBL5738512,28813319,CHEMBL5826781,CN1CCCC1COc1nc(N2CC3CCC(C2)N3)c2cnc(-c3cncc4cccc(Cl)c34)c(F)c2n1,534.0390000000001,IC50,388.0,nm,6.41,6.41,1,,
ChEMBL,CHEMBL5738512,28813325,CHEMBL5978138,O[C@@H]1C[C@@H]2CN(c3nc(N4CCC4)nc4c(F)c(-c5cccc6cccc(Cl)c56)ncc34)CC1N2,490.9700000000001,IC50,2647.0,nm,5.58,5.58,0,,
ChEMBL,CHEMBL5738512,28813337,CHEMBL6010058,Cn1cnnc1CCOc1nc(N2CC3CCC(C2)N3)c2cnc(-c3cccc4cccc(Cl)c34)c(F)c2n1,545.0220000000002,IC50,6534.0,nm,5.18,5.18,0,,
ChEMBL,CHEMBL5738512,28813343,CHEMBL5982246,O[C@@H]1C[C@@H]2CN(c3nc(OCCC(F)(F)F)nc4c(F)c(-c5cccc6cccc(Cl)c56)ncc34)CC1N2,547.9400000000002,IC50,3417.0,nm,5.47,5.47,0,,
ChEMBL,CHEMBL5738512,28813349,CHEMBL5892364,CN1CCC[C@H]1COc1nc(N2CC3CCC(C)(C2)N3)c2cnc(-c3cc(O)cc4ccccc34)c(F)c2n1,528.6320000000001,IC50,9.1,nm,8.04,8.04,1,,
ChEMBL,CHEMBL5738512,28813373,CHEMBL5892737,CN1CCC[C@H]1COc1nc(N2CC3CCC(Cl)(C2)N3)c2cnc(-c3cc(O)cc4ccccc34)c(F)c2n1,549.0500000000001,IC50,120.0,nm,6.92,6.92,1,,
ChEMBL,CHEMBL5738512,28813376,CHEMBL5849129,CC(C)(N)COc1nc(N2CC3CCC(C2)N3)c2cnc(-c3cccc4cccc(Cl)c34)c(F)c2n1,507.0130000000002,IC50,533.0,nm,6.27,6.27,1,,
ChEMBL,CHEMBL5738512,28813379,CHEMBL5972293,CN1CCC[C@H]1COc1nc(N2CC3CCC(C2)N3)c2cnc(-c3cccc4c3C(C)(C)CC4)c(F)c2n1,516.6650000000002,IC50,273.0,nm,6.56,6.56,1,,
ChEMBL,CHEMBL5738512,28813385,CHEMBL5986609,CN1CCC[C@H]1COc1nc(N2CC3CCC(C2)N3)c2cnc(-c3cccc4c3C3(CC4)CC3)c(F)c2n1,514.6490000000002,IC50,677.0,nm,6.17,6.17,1,,
ChEMBL,CHEMBL5738512,28813400,CHEMBL5934017,Cc1cc(-c2ncc3c(N4CC5CCC(C4)N5)nc(OC[C@@]45CCCN4C[C@H](F)C5)nc3c2F)c2cn[nH]c2c1,546.6260000000003,IC50,662.0,nm,6.18,6.18,1,,
ChEMBL,CHEMBL5738512,28813412,CHEMBL5765688,Oc1cc(-c2ncc3c(N4CC5CCC(C4)N5)nc(OCCC(F)(F)F)nc3c2F)c2c(Cl)cccc2c1,547.9400000000002,IC50,76.3,nm,7.12,7.12,1,,
ChEMBL,CHEMBL5738512,28813457,CHEMBL6041022,CC1CCc2cccc(-c3ncc4c(N5CC6CCC(C5)N6)nc(OC[C@@H]5CCCN5C)nc4c3F)c21,502.6380000000003,IC50,63.9,nm,7.19,7.19,1,,
ChEMBL,CHEMBL5738512,28813469,CHEMBL5911765,N=C(N)NCCOc1nc(N2CC3CCC(C2)N3)c2cnc(-c3cccc4cccc(Cl)c34)c(F)c2n1,521.0000000000001,IC50,235.0,nm,6.63,6.63,1,,
ChEMBL,CHEMBL5738512,28813472,CHEMBL5868853,CC(C)c1ccc(O)cc1-c1ncc2c(N3CC4CCC(C3)N4)nc(OCC34CCCN3CCC4)nc2c1F,532.6640000000004,IC50,1.9,nm,8.72,8.72,1,,
ChEMBL,CHEMBL5738512,28813475,CHEMBL6020950,N=C(N)NCCCOc1nc(N2CC3CCC(C2)N3)c2cnc(-c3cccc4cccc(Cl)c34)c(F)c2n1,535.0270000000002,IC50,187.0,nm,6.73,6.73,1,,
ChEMBL,CHEMBL5738512,28813481,CHEMBL6000629,Nc1nccn1CCOc1nc(N2CC3CCC(C2)N3)c2cnc(-c3cccc4cccc(Cl)c34)c(F)c2n1,545.0220000000002,IC50,105.0,nm,6.98,6.98,1,,
ChEMBL,CHEMBL5738512,28813505,CHEMBL5906656,Nc1nc(N2CC3CCC(C2)N3)c2cnc(-c3cc(O)cc4ccccc34)c(F)c2n1,416.4600000000001,IC50,269.0,nm,6.57,6.57,1,,
ChEMBL,CHEMBL5738512,28813508,CHEMBL5848857,N#Cc1ccccc1-c1ncc2c(N3CC4CCC(C3)N4)nc(OC[C@@]34CCCN3C[C@H](F)C4)nc2c1F,517.5840000000004,IC50,2231.0,nm,5.65,5.65,0,,
ChEMBL,CHEMBL5738512,28813511,CHEMBL5986499,CNc1nc(N2CC3CCC(C2)N3)c2cnc(-c3cc(O)cc4ccccc34)c(F)c2n1,430.48700000000014,IC50,393.0,nm,6.41,6.41,1,,
ChEMBL,CHEMBL5738512,28813517,CHEMBL5838776,CN(C)c1nc(N2CC3CCC(C2)N3)c2cnc(-c3cc(O)cc4ccccc34)c(F)c2n1,444.5140000000001,IC50,1991.0,nm,5.70,5.70,0,,
ChEMBL,CHEMBL5738512,28813529,CHEMBL6063821,Fc1c(-c2cccc3ccccc23)ncc2c(N3CC4CCC(C3)N4)nc(OCC34CCCN3CCC4)nc12,524.6440000000005,IC50,29.2,nm,7.54,7.54,1,,
ChEMBL,CHEMBL5738512,28813538,CHEMBL5880284,Fc1c(-c2ccccc2Cl)ncc2c(N3CC4CCC(C3)N4)nc(OC[C@@]34CCCN3C[C@H](F)C4)nc12,527.0190000000003,IC50,873.0,nm,6.06,6.06,1,,
ChEMBL,CHEMBL5738512,28813541,CHEMBL5896075,C#Cc1cccc2cccc(-c3ncc4c(N5CC6CCC(C5)N6)ncnc4c3F)c12,409.46800000000013,IC50,1920.0,nm,5.72,5.72,0,,
ChEMBL,CHEMBL5738512,28813553,CHEMBL5742215,Cc1c(-c2cc(O)cc3ccccc23)ncc2c(N3CC4CCC(C3)N4)nc(OC[C@@H]3CCCN3C)nc12,510.64200000000045,IC50,64.1,nm,7.19,7.19,1,,
ChEMBL,CHEMBL5738512,28813556,CHEMBL5870343,CC(C)Cc1ccccc1-c1ncc2c(N3CC4CCC(C3)N4)nc(OC[C@@]34CCCN3C[C@H](F)C4)nc2c1F,548.6820000000004,IC50,595.0,nm,6.22,6.22,1,,
ChEMBL,CHEMBL5738512,28813559,CHEMBL5975993,CN1CCC[C@H]1COc1nc(N2CC3CCC(C2)N3)c2cnc(-c3cc(O)cc4ccccc34)c(Cl)c2n1,531.0600000000001,IC50,69.1,nm,7.16,7.16,1,,
ChEMBL,CHEMBL5738512,28813565,CHEMBL5940803,CN1CCC[C@H]1COc1nc(N2CC3CCC(C2)N3)c2cnc(-c3cccc4cccc(C#N)c34)c(F)c2n1,523.6160000000001,IC50,225.0,nm,6.65,6.65,1,,
ChEMBL,CHEMBL5738512,28813580,CHEMBL5902578,CC(C)c1ncccc1-c1ncc2c(N3CC4CCC(C3)N4)nc(OC[C@@]34CCCN3C[C@H](F)C4)nc2c1F,535.6430000000004,IC50,7747.0,nm,5.11,5.11,0,,
ChEMBL,CHEMBL5738512,28813601,CHEMBL5917804,N#Cc1cccc2cccc(-c3ncc4c(N5CC6CCC(C5)N6)nc(OCC56CCCN5CCC6)nc4c3F)c12,549.6540000000005,IC50,20.3,nm,7.69,7.69,1,,
ChEMBL,CHEMBL5738512,28813616,CHEMBL5910271,CCn1ccc2cccc(-c3ncc4c(N5CC6CCC(C5)N6)nc(OCC56CCCN5CCC6)nc4c3F)c21,541.6750000000004,IC50,35.3,nm,7.45,7.45,1,,
ChEMBL,CHEMBL5738512,28813619,CHEMBL6010142,C=Cc1cccc2cccc(-c3ncc4c(N5CC6CCC(C5)N6)nc(OC[C@@H]5CCCN5C)nc4c3F)c12,524.6440000000003,IC50,70.2,nm,7.15,7.15,1,,
ChEMBL,CHEMBL5738512,28813622,CHEMBL5925566,Fc1c(-c2cccc3c2CCC3)ncc2c(N3CC4CCC(C3)N4)nc(OC[C@@]34CCCN3C[C@H](F)C4)nc12,532.6390000000004,IC50,92.1,nm,7.04,7.04,1,,
ChEMBL,CHEMBL5738512,28813628,CHEMBL5880902,CC1CCc2cccc(-c3ncc4c(N5CC6CCC(C5)N6)nc(OC[C@@]56CCCN5C[C@H](F)C6)nc4c3F)c21,546.6660000000004,IC50,18.5,nm,7.73,7.73,1,,
ChEMBL,CHEMBL5738512,28813649,CHEMBL5763254,C#Cc1cccc2cccc(-c3ncc4c(N5CC6CCC(C5)N6)nc(OC[C@@H]5CCCN5C)nc4c3F)c12,522.6280000000004,IC50,5.1,nm,8.29,8.29,1,,
ChEMBL,CHEMBL5738512,28813655,CHEMBL5927937,Cc1ccc2c(-c3ncc4c(N5CC6CCC(C5)N6)nc(OC[C@@H]5CCCN5C)nc4c3F)cccc2c1,512.6330000000004,IC50,4907.0,nm,5.31,5.31,0,,
ChEMBL,CHEMBL5738512,28813703,CHEMBL5861605,Fc1c(-c2cccc3cccc(F)c23)ncc2c(N3CC4CCC(C3)N4)nc(CCC34CCCN3CCC4)nc12,540.6620000000004,IC50,1600.0,nm,5.80,5.80,0,,
ChEMBL,CHEMBL5738512,28813730,CHEMBL5871976,Cn1ccc2cccc(-c3ncc4c(N5CC6CCC(C5)N6)nc(OCC56CCCN5CCC6)nc4c3F)c21,527.6480000000004,IC50,357.0,nm,6.45,6.45,1,,
ChEMBL,CHEMBL5738512,28813736,CHEMBL5749495,CCCc1ccccc1-c1ncc2c(N3CC4CCC(C3)N4)nc(OCC34CCCN3CCC4)nc2c1F,516.6650000000004,IC50,297.0,nm,6.53,6.53,1,,
ChEMBL,CHEMBL5738512,28813748,CHEMBL6049217,CCc1cccc2cc(O)cc(-c3ncc4c(N5CC6CCC(C5)N6)ncnc4c3F)c12,429.49900000000014,IC50,71.0,nm,7.15,7.15,1,,
ChEMBL,CHEMBL5738512,28813772,CHEMBL5916759,Nc1nc2c(-c3ncc4c(N5CC6CCC(C5)N6)nc(OCC56CCCN5CCC6)nc4c3F)cccc2s1,546.6760000000004,IC50,27.0,nm,7.57,7.57,1,,
ChEMBL,CHEMBL5738512,28813778,CHEMBL5933665,Fc1c(-c2cccc3scnc23)ncc2c(N3CC4CCC(C3)N4)nc(OCC34CCCN3CCC4)nc12,531.6610000000004,IC50,295.0,nm,6.53,6.53,1,,
ChEMBL,CHEMBL5738512,28813793,CHEMBL5944337,c1ccc2c(-c3cc4nc(OCC56CCCN5CCC6)nc(N5CC6CCC(C5)N6)c4cn3)cccc2c1,506.6540000000002,IC50,387.0,nm,6.41,6.41,1,,
ChEMBL,CHEMBL5738512,28813799,CHEMBL5996378,Fc1c(-c2cccc3cccc(F)c23)ncc2c(N3CC4CCC(C3)N4)nc(OCC34CCCN3CCC4)nc12,542.6340000000004,IC50,5.9,nm,8.23,8.23,1,,
ChEMBL,CHEMBL5738512,28813841,CHEMBL5929593,CN1CCC[C@H]1CCOc1nc(N2CC3CCC(C2)N3)c2cnc(-c3cc(O)cc4ccccc34)c(F)c2n1,528.6320000000002,IC50,8116.0,nm,5.09,5.09,0,,
ChEMBL,CHEMBL5738512,28813847,CHEMBL5785241,CCN1CCC[C@H]1COc1nc(N2CC3CCC(C2)N3)c2cnc(-c3cc(O)cc4ccccc34)c(F)c2n1,528.6320000000002,IC50,1078.0,nm,5.97,5.97,0,,
ChEMBL,CHEMBL5738512,28813907,CHEMBL5919623,CC(Oc1nc(N2CC3CCC(C2)N3)c2cnc(-c3cc(O)cc4ccccc34)c(F)c2n1)C1CCCN1C,528.6320000000002,IC50,1276.0,nm,5.89,5.89,0,,
ChEMBL,CHEMBL5738512,28814573,CHEMBL5972983,CN1CCC[C@H]1COc1nc(N2CC3CCC(C=O)(C2)N3)c2cnc(-c3cc(O)cc4ccccc34)c(F)c2n1,542.6150000000001,IC50,16667.0,nm,,4.778142564580864,0,,
ChEMBL,CHEMBL5738512,28814579,CHEMBL5759747,CN1CCC[C@H]1COc1nc(N2CC3CCC(CO)(C2)N3)c2cnc(-c3cc(O)cc4ccccc34)c(F)c2n1,544.6310000000001,IC50,16667.0,nm,,4.778142564580864,0,,
ChEMBL,CHEMBL5738987,28917614,CHEMBL6042319,Cc1cnsc1-c1cc(N)c2cnc(NC(=O)[C@@H]3C[C@H]3C#N)cc2c1,349.4190000000001,IC50,10000.0,nm,,5.0,0,,
