smiles,seed_idx,seed_reward_qed_mw
Cc1ccc2[nH]ncc2c1-c1cc2nc(OCCc3nccn3C)nc(N3CC4CCC(C3)N4)c2cn1,147,0.4848044503869664
FC=C(N=C1C=NC(OCC23CCCN2CCC3)=NC1N1CC2CCC(C1)N2)c1cccc2cccc(F)c12,262,0.5022140297202404
OC1=CC=CC2=CC=C=C(c3ncc4c(N5CC6CCC(C5)N6)nc(OCC56CCCN5CCC6)nc4c3F)C12,49,0.503099667316813
CN=C(N=C(C=CN=CCC=CC=CC=CC=CO)N1CC2CCC(C1)N2)OCC12CCCN1CCC2,49,0.503099667316813
CN(C)c1nc(N2CC3CCC(C2)N3)c2cnc(-c3c#ccccccc(O)c3)c(F)c2n1,239,0.5991900719533763
Oc1cc(-c2ncc3c(N4CC5CCC(C4)N5)nc(OCCC4=C=NC(F)C=N4)nc3c2F)c2ccccc2c1,163,0.4541183758430486
CN(C)C1(C)CCC2C(F)=C(c3cccc4cccc(Cl)c34)N=CC2=C(N2CC3CCC(C2)N3)N=CNC1,192,0.526988355491457
CC1Nc2c(F)cccc2-c2ncc3c(nc(OCC45CCCN4CCC5)nc3c2F)N2CCCCC(C2)N1,84,0.5700758360149265
CN1CCC[C@H]1COc1nc(N2C[C@H]3CC[C@@H](C2)N3)c2cnc(-c3cc(O)cc4c3CC=C=C4)c(F)c2n1,20,0.49105028185153077
CN1CCC[C@H]1COc1nc(N2C[C@H]3CC[C@@H](C2)N3)c2c(n1)=C(F)CCc1cccc3cc(O)cc(c13)C=NC=2,20,0.49105028185153077
CN(C)CC1CN1C=NC(=CC1=NCC(c2cc(O)cc3ccccc23)=C(F)C1=N)N1CC2CCC(C1)N2,7,0.5540252819269074
CCCCc1[nH]c2ccccc2c1[C@H]1NC(=O)c2ccc(O)cc21,1,0.7557397651659714
CN(C)Cc1[nH]c2ccccc2c1[CH]C=O,1,0.7557397651659714
CN(C)C1C#CC=CC=CNC1,1,0.7557397651659714
CN(C)CCNc1c#cccc1,1,0.7557397651659714
CNCc1[nH]c2ccccc2c1[C@H]1NC(=O)c2ccc(O)cc21,1,0.7557397651659714
CN(C)Cc1[nH]c2c3cccc2c1[CH]NC(=O)C=CC=C3O,1,0.7557397651659714
C=CC(O)=C=CC(=O)N[CH]c1c(CN(C)C)[nH]c2ccccc12,1,0.7557397651659714
CN(C)Cc1[nH]c2ccccc2c1[C@H]1NC(=O)c2ccc(O)cc21,1,0.7557397651659714
CN(C)Cc1[nH]c2ccccc2c1[C@H]1NC(=O)C2=CC=C(O)NC21,1,0.7557397651659714
CN(C)Cc1[nH]c2ccccc2c1[C@H]1NC(=O)C2=CC=C(O)CN21,1,0.7557397651659714
CN(C)Cc1[nH]c2ccccc2c1[C@@H]1C=CC(O)=CC=CC(=O)N1,1,0.7557397651659714
CN(C)Cc1[nH]c2ccccc2c1[CH]N1C(=O)C=C2C=C(O)CNC21,1,0.7557397651659714
CN(C)Cc1[nH]c2ccccc2c1[C@H]1NC(=O)C2=CCN(O)C=C21,1,0.7557397651659714
C#CC=CC(=O)N[CH]c1c(CN(C)C)[nH]c2ccccc12,1,0.7557397651659714
C=C(C=CC=CC[C@H]1NC(=O)c2ccc(O)cc21)N(C)C,1,0.7557397651659714
CN(C)Cc1[nH]c2ccccc2c1[CH]NCOC=O,1,0.7557397651659714
CN(C)C1=C([C@H]2NC(=O)c3ccc(O)cc32)CC=CC=CNC1,1,0.7557397651659714
CN(C)Cc1[nH]c2ccccc2c1[C@H]1NC(=O)C2=CCC(O)C=C21,1,0.7557397651659714
CN(C)CCNc1ccccc1C1C=CC(=CC=CO)C1=O,1,0.7557397651659714
CN(C)Cc1[nH]c2ccccc2c1[C@H]1NC(=O)C2=CC=C(O)OC21,1,0.7557397651659714
CN(C)Cc1[nH]c2ccccc2c1[CH]N1C(=O)C=C2CC=C(O)C=C21,1,0.7557397651659714
CC(O)=CC=CC(=O)N[CH]c1c(CN(C)C)[nH]c2ccccc12,1,0.7557397651659714
CN(C)Cc1[nH]c2ccccc2c1NC(=O)c1ccc(O)cc1,1,0.7557397651659714
CN(C)Cc1[nH]c2c(c1[C@H]1NC(=O)c3ccc(O)cc31)=CCOC=2,1,0.7557397651659714
CN(C)Cc1[nH]c2ccccc2c1[CH]C(=O)c1ccc(O)cc1,1,0.7557397651659714
O=C1N[C@H](C2=CCCCCNc3ccccc32)c2cc(O)ccc21,1,0.7557397651659714
CN(C)Cc1[nH]c2ccccc2c1[CH]NC(=O)c1c2cc(O)cc1-2,1,0.7557397651659714
[CH]N(C)Cc1[nH]c2ccccc2c1[C@H]1NC(=O)c2ccc(O)cc21,1,0.7557397651659714
CN(C)Cc1[nH]ccccc#cc1[C@H]1NC(=O)c2ccc(O)cc21,1,0.7557397651659714
C=NCCc1[nH]c2ccccc2c1[C@H]1NC(=O)c2ccc(O)cc21,1,0.7557397651659714
CN(C)CCNc1ccccc1CN[C@H]1NC(=O)c2ccc(O)cc21,1,0.7557397651659714
CN(C)Cc1[nH]c2ccccc2c1[CH]NC(=O)c1ccc(O)cc1CO,1,0.7557397651659714
CN(C)CC1NC=CC=CC=CN1[C@H]1NC(=O)c2ccc(O)cc21,1,0.7557397651659714
CN(C)Cc1[nH]c2ccccc2c1[CH]NC1(C=O)C=CC1O,1,0.7557397651659714
CN(C)CCNNc1ccccc1C[C@H]1NC(=O)c2ccc(O)cc21,1,0.7557397651659714
CN(C)Cc1[nH]c2ccccc2c1[C@H]1NC(O)c2ccc(O)cc21,1,0.7557397651659714
Cn1ccnc1CCOC=NC(=CC=NCc1cc(O)cc2ccccc12)N1C[C@H]2CC[C@@H](C1)N2,8,0.4747042976497913
Cn1ccnc1CCOC1=NC(N2C[C@H]3CC[C@@H](C2)N3)N2C=NC(c3cc(O)cc4ccccc34)=C(F)C2=N1,8,0.4747042976497913
CC1=C[CH]C(NC(N=COCCc2nccn2C)=C2C=NC(c3cc(O)cc4ccccc34)=C(F)C2=N)N1,8,0.4747042976497913
Cn1ccnc1CCOc1nc(N2C[C@H]3CC[C@@H](C2)N3)c2cnc(-c3cc(O)cc4ccccc34)c(F)c2n1,8,0.4747042976497913
Oc1cc(-c2ncc3c(c2F)=NCn2ccnc2CCOC=NC=3N2C[C@H]3CC[C@@H](C2)N3)c2ccccc2c1,8,0.4747042976497913
Cn1ccnc1CCOC=NC12C=NC(c3cc(O)cc4ccccc34)=C(F)C(=N)CN3C(CC[C@H]3C1)N2,8,0.4747042976497913
FC1=C2N=CC=C(N3C[C@H]4CC[C@@H](C3)N4)N=C3OCCc4nccn4C2N=C31,8,0.4747042976497913
Cn1ccnc1CCOC=NC(NC[CH]C1C[C@@H](CF)N1)=C1C=NC(c2cc(O)cc3ccccc23)=C(F)C1=N,8,0.4747042976497913
Cn1ccnc1CCOC=NC(=CC=NC(C=CC1OCOCc2ccccc21)=C(F)C=N)N1C[C@H]2CC[C@@H](C1)N2,8,0.4747042976497913
CCCc1ccccc1C=NC=c1c(N2CC3CCC(C2)N3)nc2nc1=C(F)C(C13CCCN1CCC3)O2,257,0.5895963377758084
CCCc1ccccc1-c1ncc2c(N3CC4CCC(C3)N4)nc(OCC34CCCN3CCC4)nc2c1F,257,0.5895963377758084
CCCc1ccccc1-c1ncc2c(N3CC4CCC(C3)N4)nc(ONC34CCCN3CCC4)nc2c1F,257,0.5895963377758084
CCCc1ccccc1C=NC1=CC(N2CCC3CC3C2)=NC(OCC23CCCN2CCC3)=NC1=CF,257,0.5895963377758084
CCCc1ccccc1C=NC1=CC(N2CC3CCC(C2)N3)=NCOCC2CCCN2CCCN1,257,0.5895963377758084
CCCc1ccccc1C=NC=c1c(N2CC3CCC(C2)N3)nc(OCC23CCCN2CCC3)nc1=CCF,257,0.5895963377758084
CCCc1cccc2c1C=NC=CC1(C(OCC34CCCN3CCC4)=NC=C2F)N2CCCCC21N,257,0.5895963377758084
CCCc1ccccc1C1=NC=CC(N2CC3CCC(C2)N3)=NCOCC2CCCN2CC1,257,0.5895963377758084
CCCc1ccc2cc1c1nccc(N3CC4CCC(C3)N4)nc(OCC34CCCN3CCC4)nc2c1F,257,0.5895963377758084
COc1cccc(C2CN(C(=O)c3csc4c(O)nc(S5=CC=CC=N5)nc34)CCN2)c1,35,0.5961977843518145
N#CC=CC=C1COCC(=O)NC(=NCc2ccccn2)c2ccsc2N1,36,0.6220878069663125
N#Cc1ccc(COCC(=O)Nc2nc(C=CC=CC=N)nc3sccc23)cc1,36,0.6220878069663125
C=CC(=CC=CC#N)C(C)(O)Nc1nc(-c2ccccn2)nc2sccc12,36,0.6220878069663125
N#Cc1ccc(COCC(=O)Nc2nc(-c3ccccc3)nc3sccc23)cc1,36,0.6220878069663125
N#Cc1ccc(COCC(=O)NC2=NC(c3ccccn3)=NCSC=CC2)cc1,36,0.6220878069663125
C=CC=CC=CC12C=COC1(F)N=C(N1CC3(CCOC3)C1)N=C(N1CC3CCC(C1)N3)C=CN=C2,128,0.5425491617396683
CCc1ccccc1C=NC=CC(=NC(=NC)OCC12CCCN1CCC2)N1CC2CCC(C1)N2,115,0.6303175330121144
CCc1ccccc1-c1ncc2c(N3CC4CCC(C3)N4)nc(OCC34CCCN3CCC4)nc2c1F,115,0.6303175330121144
C1=CC2=NC(OCC34CCCN3CCC4)(CCc3ccccc3C=N1)C13CCC(CN2C1)N3,115,0.6303175330121144
CCC=CC=CC#Cc1ncc2c(N3CC4CCC(C3)N4)nc(OCC34CCCN3CCC4)nc2c1F,115,0.6303175330121144
N=C(N)NCCCOC=NC(=CC=NC(C=CC=CC=CC=CCCl)CF)N1CC2CCC(C1)N2,234,0.3280732609823507
C=CC(=O)N1CCN(c2nc(OC[C@@H]3CCCN3C)nc3c2CCN(c2cc(O)cc4ccccc24)C3)CN1,0,0.5908850460165602
C=CC(=O)N1CCN(c2nc(OC[C@@H]3CCCN3C)nc3c2CCN(c2cc(O)cc4ccccc24)C3)CC1,0,0.5908850460165602
C=CC1(CCNc2nc(OC[C@@H]3CCCN3C)nc3c2CCN(c2cc(O)cc4ccccc24)C3)CC1,0,0.5908850460165602
C=CC(=O)NCCNc1nc(OC[C@@H]2CCCN2C)ncc1CCN(CC)c1cc(O)cc2ccccc12,0,0.5908850460165602
C=CC(=O)NCC1CCN1C=NC(=NC=C=C=CCCN(C)c1cc(O)cc2ccccc12)OC[C@@H]1CCCN1C,0,0.5908850460165602
C=CC(=O)N1CCN(c2nc(OC[C@@H]3CCCN3C)ncc2CCN(C)c2cc(O)cc3ccccc23)CC1,0,0.5908850460165602
C=CC(=O)N1CCN(c2nc(OC[CH]CCC=NC)nc3c2CCN(c2cc(O)cc4ccccc24)C3)CC1,0,0.5908850460165602
CN1CCC[C@H]1COc1nc2c(c(N3C=CC=CC(=O)NCC3)n1)CCN(c1cc(O)cc3ccccc13)C2,0,0.5908850460165602
C=C1CN(c2nc(OC[C@@H]3CCCN3C)ncc2CCN2CC(O)=Cc3ccccc32)CCNC1=O,0,0.5908850460165602
C=CC(=O)ON1CCN(c2nc(OC[C@@H]3CCCN3C)nc3c2CCN(c2cc(O)cc4ccccc24)C3)CC1,0,0.5908850460165602
C=CC(=O)NCC1CCN1C=NC(=NC=C[PH]1=CCCN(c2cc(O)cc3ccccc23)C1)OC[C@@H]1CCCN1C,0,0.5908850460165602
C=CC(=O)NC1CCPN(c2nc(OC[C@@H]3CCCN3C)ncc2CCN2Cc3cccc4cc(O)cc2c34)C1,0,0.5908850460165602
CN1CCC[C@H]1COC1(C)N=CN2CCNC(=O)C=C1CC2,0,0.5908850460165602
C=CC(=O)N1CCN(c2nc(OC[C@@H]3CCCN3C)nc3c2CCN(C#CC(O)=Cc2ccccc2)C3)CC1,0,0.5908850460165602
C=CC(=O)NCCN(CC)COOC[C@@H]1CCCN1C=NC1=CCCN(c2cc(O)cc3ccccc23)C1,0,0.5908850460165602
C=CC(=O)NCCN1COOC[C@@H]2CCCN2C=NC2=C1CCN(c1cc(O)cc3ccccc13)C2CC,0,0.5908850460165602
C=CC(=O)NCCN1Cc2cccc3cc(O)cc(c23)N2CCc3c(nc(OC[C@@H]4CCCN4C)nc31)C2,0,0.5908850460165602
C=CC(=O)NC1CCN(c2nc(OC[C@@H]3CCCN3C)ncc2CCN(C)C=c2c(O)ccc3c2=C=CC=C3)C1,0,0.5908850460165602
C=CC=NC=O,0,0.5908850460165602
C=CC(=O)NC1CCN(c2nc(OC[C@@H]3CCCN3C)ncc2CCNN(C)c2cc(O)cc3ccccc23)C1,0,0.5908850460165602
C=CC(=O)N1CCN(c2nc(OC[C@@H]3CCCN3C)nc3c2CCN(c2cccccccc(O)c2)C3)CC1,0,0.5908850460165602
C=CC(=O)N1CCN(C2=N[PH](OC[C@@H]3CCCN3C)=NC3=C2CCN(c2cc(O)cc4ccccc24)C3)CC1,0,0.5908850460165602
CN1CCC[C@H]1COc1ncc(CC2NC=CC3=CC=CC=C2O3)c(N2C=CC(=O)NCC2)n1,0,0.5908850460165602
C=CC(=O)N1CCN(c2nc(OC[C@@H]3CC=CN3C)nc3c2CCN(c2cc(O)cc4ccccc24)C3)CC1,0,0.5908850460165602
CCN1CCNC(=O)C=Cc2ccccccc(O)cc2NCCc2cnc(OC[C@@H]3CCCN3C)nc21,0,0.5908850460165602
C=CC(=O)NCC1C2=C(CN(c3cc(O)cc4ccccc34)CC2)N=C(OC=CCNC)N=CN1CC,0,0.5908850460165602
C#CON1CCN(c2nc(OC[C@@H]3CCCN3C)nc3c2CCN(c2cc(O)cc4ccccc24)C3)CC1,0,0.5908850460165602
C=CC(=O)NCCN(C)c1nc(OC[C@@H]2CCCN2C)nc2c1CCN(c1cc(O)cc3ccccc13)C2,0,0.5908850460165602
C=C1CCN(c2nc3ncc2C2C=CC=CC(O)(C=CN(C)C2)C2CCN(C)[C@@H]2CO3)CCNC1=O,0,0.5908850460165602
C=CC(=O)N1CCN(c2nc(OCP3CCCN3C)nc3c2CCN(c2cc(O)cc4ccccc24)C3)CC1,0,0.5908850460165602
C=CC(=O)NCC1CCN1C=NC(=NC=CN=CCCN(C)c1cc(O)cc2ccccc12)OC[C@@H]1CCCN1C,0,0.5908850460165602
C=CC(=O)NC1CCN(c2nc(OC[C@@H]3CCCN3C)ncc2CCN(C)C=c2c(O)ccc3c2=CC=NC3)C1,0,0.5908850460165602
C=CC(=O)N1CCN(c2nc(OC[C@@H]3CCCN3C)nnc2CCN(C)c2cc(O)cc3ccccc23)CC1,0,0.5908850460165602
C=CC(=O)N1CCNc2nc(OC[C@@H]3CCCN3C)nc3c2CCN(c2cc(O)cc4ccccc24)C3CC1,0,0.5908850460165602
O=C1C=CCCC2C(=CCCN2c2cc(O)cc3ccccc23)N=CN2CCC[C@H]2COO1,0,0.5908850460165602
C=CC(=O)NCCN(C=NC(=NCCCN(C)c1cc(O)cc2ccccc12)OC[C@@H]1CCCN1C)CC,0,0.5908850460165602
C=CC(=O)N1CCN(c2nc(OC[C@@H]3CCC=C3C)nc3c2CCN(c2cc(O)cc4ccccc24)C3)CC1,0,0.5908850460165602
O=CN1CCC=CC(=O)NCC1,0,0.5908850460165602
C=CC(=O)N1CCN(C2=NC3CCCN([CH]CO3)C=NC3=C2CCN(c2cc(O)cc4ccccc24)C3)CC1,0,0.5908850460165602
C=CC(=O)NCCN(C)C=NC(OC[C@@H]1CCCN1C)C1=CCCN(c2cc(O)cc3ccccc23)C1C,0,0.5908850460165602
C=CC[CH]C=O,0,0.5908850460165602
C=CC(=O)N1CCC2c3nc(OC[C@@H]4CCCN4C)nc(c3CCNc3cc(O)cc4ccccc34)N2CC1,0,0.5908850460165602
C=C=C=O,0,0.5908850460165602
C=CC(=O)N1CCN(c2nc(OC[C@@H]3CCCN3C)nc3c2CCNc2cc(O)ccccccc2C3)CC1,0,0.5908850460165602
C=CC(=O)N1CCN(c2nc(OC[C@@H]3CCCN3C)nc3c2CCN(c2cc(O)cc4ccccc24)C3)PC1,0,0.5908850460165602
C=CC(=O)NCCN(C=C)c1nc(OC[C@@H]2CCCN2C)nc2c1CCN(c1cc(O)cc3ccccc13)C2,0,0.5908850460165602
CN1CCC[C@H]1COC(=O)N=CN1CCC=CC(=O)NCC1,0,0.5908850460165602
C=CC(=O)N1CCN(c2nc(OC[C@@H]3CCCN3C)nc3c2CCN(c2cc(O)cc4ccccc24)C3)NC1,0,0.5908850460165602
C=CC1CCN(c2nc(OC[C@@H]3CCCN3C)nc3c2CCN(c2cc(O)cc4ccccc24)C3)CCN1,0,0.5908850460165602
CCN1C=NC(C[C@@H]2CCCN2C=NC2=CCCN(c3cc(O)cc4ccccc34)C2)C=CC(=O)NCC1,0,0.5908850460165602
C=C1CCN2C=NC(OC[CH]CN)=NC3=C(CCN(c4cc(O)cc5ccccc45)C3)C(C2)NC1=O,0,0.5908850460165602
CN1CCC[C@H]1COc1nc2c(c(N3CCN(C(=O)C=P)CC3)n1)CCN(c1cc(O)cc3ccccc13)C2,0,0.5908850460165602
C=CC(=O)N1CCN(c2nc(OC=NCCCNC)nc3c2CCN(c2cc(O)cc4ccccc24)C3)CC1,0,0.5908850460165602
C=CC(=O)N1CCN(c2nc(OC[C@@H]3CCCN3C)ncc2CCN2CCc3ccccc3C=C(O)C2)CC1,0,0.5908850460165602
CN1CC2C[C@H]1COc1ncc(c(N3CCC=CC(=O)NCC3)n1)CCN(C=CC(O)=C=O)C2,0,0.5908850460165602
C=CC(=O)NCCN(C)c1nc(OC[C@@H]2CCCN2C)ncc1CN(CC)c1cc(O)cc2ccccc12,0,0.5908850460165602
C=CC(=O)NCCN(CC)c1nc(OC[C@@H]2CCCN2C)nc2c1CCN(c1cc(O)cc3ccccc13)C2,0,0.5908850460165602
C=CC(=O)N1CCN(c2nc(OC[C@@H]3CCCN3C)ncc2CCN2Cc3c(O)cc4ccccc4c32)CC1,0,0.5908850460165602
C=CC(=O)NCCNc1nc(OC[C@@H]2CCCN2C)ncc1CCNc1cc(O)cc2ccccc12,0,0.5908850460165602
C=CC(=O)N1CCN(c2nc(OCC=CCCNC)nc3c2CCN(c2cc(O)cc4ccccc24)C3)CC1,0,0.5908850460165602
C=CC(=O)N1CCN(c2nc(OC[C@@H]3CCCN3C)nc3c2CCN(C2=C=C(O)Cc4ccccc42)C3)CC1,0,0.5908850460165602
C=CC(=O)N1CCN(c2nc(OC[C@@H]3CCCN3C)nc3c2CCN(C2=C4CC=CC=C2CCOC4)C3)CC1,0,0.5908850460165602
C=CC(=O)NC1CCN(c2nc(OC[C@@H]3CCCN3C)ncc2CCN(C)C=C2c3ccccc3COC2O)C1,0,0.5908850460165602
C=CC(=O)N1CCN(c2nc(OC[C@@H]3C=NCN3C)nc3c2CCN(c2cc(O)cc4ccccc24)C3)CC1,0,0.5908850460165602
C=CC(=O)N1CCN(N=NC(=NC2=CCCN(c3cc(O)cc4ccccc34)C2)OC[C@@H]2CCCN2C)CC1,0,0.5908850460165602
O=COC(N=CN1CCC=CC(=O)NCC1)=NC1=CCCN(c2cc(O)cc3ccccc23)C1,0,0.5908850460165602
CN1CCC[C@H]1COc1nc#cc(N2CCC=CC(=O)NCC2)n1,0,0.5908850460165602
C=CC(=O)N1CCN(C2=NC(OC[C@@H]3CCCN3C)PC3=C2CCN(c2cc(O)cc4ccccc24)C3)CC1,0,0.5908850460165602
C=CC(=O)NCCN1NC(OC[C@@H]2CCCN2C)=NC2=C1CCN(c1cc(O)cc3ccccc13)C2CC,0,0.5908850460165602
C=CC(=O)NCCN(CC)c1nc(OC[C@@H]2CCCN2C)ncc1CCNc1cc(O)cc2ccccc12,0,0.5908850460165602
C=CC(=O)NCCN(CC)c1nc(OC[C@@H]2CCCN2C)ncc1CCN1CC(O)=Cc2ccccc2C1,0,0.5908850460165602
C=CC(=O)N1CCN(C2=NC(OC[C@@H]3CCCN3)C=NC3=C2CCN(c2cc(O)cc4ccccc24)C3)CC1,0,0.5908850460165602
C=CC(=O)N1CCN(C2=NC(OC[C@@H]3CCCN3C)NC3=C2CCN(c2cc(O)cc4ccccc24)C3)CC1,0,0.5908850460165602
C=CC(=O)NC1CCPN(c2nc(OC[C@@H]3CCCN3C)ncc2CCN2CCc3ccccc3C=C(O)C2)C1,0,0.5908850460165602
CCN1C=NC(=NC2=CCCN(c3cc(O)cc4ccccc34)C2)OC[CH]CCCNC=CC(=O)NCC1,0,0.5908850460165602
C=CC(=O)N1CCCN(c2cc(O)cc3ccccc23)CCc2cnc(OC[C@@H]3CCCN3C)nc2NCC1,0,0.5908850460165602
C=CC(=O)NCCN(CC)c1nc(OC[C@@H]2CCCN2C)ncc1CN(C)c1cc(O)cc2ccccc12,0,0.5908850460165602
CN1CCC[C@H]1COc1nc2c(c(N3CCC=CC(=O)NCC3)n1)CCN(c1cc(O)cc3ccccc13)C2,0,0.5908850460165602
C=CC(=O)NCC1C2=C(CN(c3cc(O)cc4ccccc34)CC2)N=C(OCC=CNC)N=CN1CC,0,0.5908850460165602
C=CC(=O)NCCN(C=NC(C=NC1=CCCN(c2cc(O)cc3ccccc23)C1)OC1NC[C@@H]1C)CC,0,0.5908850460165602
C=CC(=O)NC1CCPN(c2nc(OC[C@@H]3CCCN3C)ncc2CCN(C)c2cc(O)cc3ccccc23)C1,0,0.5908850460165602
C=CC(=O)NCCNC=NC(=NCCCN(CCC)c1cc(O)cc2ccccc12)OC[C@@H]1CCCN1C,0,0.5908850460165602
C=CC(=O)N1CCC(c2nc(OC[C@@H]3CCCN3C)nc3c2CCN(c2cc(O)cc4ccccc24)C3)CC1,0,0.5908850460165602
C=CC(=O)NC1CCN(C=NC(=NNC2=CCCN(c3cc(O)cc4ccccc34)C2)OC[C@@H]2CCCN2C)C1,0,0.5908850460165602
CN(CCC1=C2N=CN3CCC(=CN4CCC[C@H]4CO2)C(=O)NC1C3)c1cc(O)cc2ccccc12,0,0.5908850460165602
CP=CC(=O)N1CCN(c2nc(OC[C@@H]3CCCN3C)nc3c2CCN(c2cc(O)cc4ccccc24)C3)CC1,0,0.5908850460165602
C=CC(=O)NCCN(C=NC(=NC1=CCCN(c2cc(O)cc3ccccc23)C1)OC[C@@H]1CCCN1)CC,0,0.5908850460165602
C=CC(=O)NCCN(C)C=NC(=NC#CCN(CC)c1cc(O)cc2ccccc12)OC[C@@H]1CCCN1C,0,0.5908850460165602
C=CC(=O)N1CCN(c2nc(OC[C@@H]3CCCN3C)nc3c2CCN(C2=CC(O)=CC4=CC=CCC42)C3)CC1,0,0.5908850460165602
C=CC(=O)NC1CCN(c2nc(OC[C@@H]3CCCN3C)ncc2CCN(C)C=C2C3=CC=CC=C2COCC3)C1,0,0.5908850460165602
C=CC(=O)N1CCN(c2nc(OC[C@@H]3CCCN3C)nc3c2C2CN(C3)C3=CC2OCC=CC=CC=C3)CC1,0,0.5908850460165602
C=CC(=O)NC1CCN(c2nc(OC[C@@H]3CCCN3C)ncc2CCN(C)C=CC(O)=CC=C2C=CC#CO2)C1,0,0.5908850460165602
C=CC(=O)N1CCN(c2nc(OC[C@@H]3CCCN3C)nc3c2CCN(c2cc(O)cc4ccccc24)N3)CC1,0,0.5908850460165602
C=CC(=O)N1CCN(c2nc(OC[C@@H]3CCCP3C)nc3c2CCN(c2cc(O)cc4ccccc24)C3)CC1,0,0.5908850460165602
O=C1C=CCN1,0,0.5908850460165602
C=CC(=O)NC1CCCN(c2nc(OC[C@@H]3CCCN3C)nc3c2CCN(c2cc(O)cc4ccccc24)C3)C1,0,0.5908850460165602
C=CC(C)ON1CCN(c2nc(OC[C@@H]3CCCN3C)nc3c2CCN(c2cc(O)cc4ccccc24)C3)CC1,0,0.5908850460165602
C=CC(=O)NCCNC=NC(=NC=CCN(CCC)c1cc(O)cc2ccccc12)OC[C@@H]1CCCN1C,0,0.5908850460165602
C=CC(=O)N1CCN(c2nc(OC[C@@H]3CCCN3C)nc3c2CCN(c2cc(O)cc4c2=C=C=CC=4)C3)CC1,0,0.5908850460165602
C=CC(=O)NC1CCN(c2nc(OC[C@@H]3CCCN3C)ncc2CCN(C)C=CC(O)=CC=C2C=CC=CO2)C1,0,0.5908850460165602
C=CC(=O)NC1CCPN(c2nc(OC[C@@H]3CCCN3C)ncc2CCN2Cc3cccc4c2cc(O)cc34)C1,0,0.5908850460165602
C=CC(=O)N1CCN(C#CC(=NC2=CCCN(c3cc(O)cc4ccccc34)C2)OC[C@@H]2CCCN2C)CC1,0,0.5908850460165602
C=CCNC=O,0,0.5908850460165602
CN1CCC[C@H]1COC1=NC2=CCCN(c3cc(O)cc4ccccc34)C2CCC=CC1=O,0,0.5908850460165602
C=CC(=O)N1CCN(c2nc(OC[C@@H]3CCCN3C)ncc2CCN=Cc2cc(O)cc3ccccc23)CC1,0,0.5908850460165602
C=CC(=O)NCCN(CC)c1nc(OC[C@@H]2CCCN2C)ncc1C1CN1c1cc(O)cc2ccccc12,0,0.5908850460165602
C=CC(=O)N=C1CCN(c2nc(OC[C@@H]3CCCN3C)nc3c2CCN(c2cc(O)cc4ccccc24)C3)CC1,0,0.5908850460165602
CN1CCC[C@H]1COc1nc2c(c(N3CCN(CO)CC3)n1)CCN(c1cc(O)cc3ccccc13)C2,0,0.5908850460165602
C=CC(=O)N1C=CN(c2nc(OC[C@@H]3CCCN3C)nc3c2CCN(c2cc(O)cc4ccccc24)C3)CC1,0,0.5908850460165602
C=CC(=O)NC1CCN(C=NC(=NC=C(CC)CN(C)c2cc(O)cc3ccccc23)OC[C@@H]2CCCN2C)C1,0,0.5908850460165602
O=C1C=CC#CCN1,0,0.5908850460165602
C=CC(=O)NC1CCN(c2nc(OC[C@@H]3CCCN3C)ncc2PCCN(C)c2cc(O)cc3ccccc23)C1,0,0.5908850460165602
C=CC(=O)NC1CCN(c2nc(OC[C@@H]3CCCN3C)ncc2CCN(C)Nc2cc(O)cc3ccccc23)C1,0,0.5908850460165602
C=CC(=O)N1CCN(c2nc(OC[C@@H]3CCCN3C)nc3c2CCN(c2cc(C)cc4ccccc24)C3)CC1,0,0.5908850460165602
C=CC(=O)NCC1C2=C(CN(c3cc(O)cc4ccccc34)CC2)N=C(OC[CH]CC=O)N=CN1CC,0,0.5908850460165602
C=CC(=O)NC1CCN(C=NC(C=NC2=CCCN(c3cc(O)cc4ccccc34)C2)OC[CH]C2CC=CN2)C1,0,0.5908850460165602
C=CC(=O)NCC1CCN1C=NC1COOC[C@@H]2CCCN2C=NC2=C1CCN(c1cc(O)cc3ccccc13)C2,0,0.5908850460165602
CN1CCC[C@H]1COC1=NC2=CCCN(c3cc(O)cc4ccccc34)C2CCN2CCN[C@@H](C=CC2=O)N1,0,0.5908850460165602
C=CC(=O)N1C2CCC3c4nc(OC[C@@H]5CCCN5C)nc(c4CCN3c3cc(O)cc4ccccc34)CN1C2,0,0.5908850460165602
C=CC(=O)NCCN(C=NC1CC(=CCCNc2cc(O)cc3ccccc23)N=CCCC[CH]CO1)CC,0,0.5908850460165602
C=CC(=O)NCN(CC)c1nc(OC[C@@H]2CCCN2C)nc2c1CCN(c1cc(O)cc3ccccc13)C2,0,0.5908850460165602
C=CC(=O)N1CCN(c2nc(OC[C@@H]3CCCN3C)nc3c2CCN(C=CC(O)=Cc2c#cccc2)C3)CC1,0,0.5908850460165602
C=CC(=O)N1CCN(c2nc(OC[CH]CC3CN3C)nc3c2CCN(c2cc(O)cc4ccccc24)C3)CC1,0,0.5908850460165602
C=CC(=O)N1CCN(c2nc(OC[C@@H]3CCON3C)nc3c2CCN(c2cc(O)cc4ccccc24)C3)CC1,0,0.5908850460165602
CC=O,0,0.5908850460165602
C=CC(=O)NCCNc1nc(OC[C@@H]2CCCN2C)ncc1CCNCc1cc(O)cc2ccccc12,0,0.5908850460165602
CN1CCC[C@H]1COc1ncc(CCN=O)c(N2CCC=CC(=O)NCC2)n1,0,0.5908850460165602
C=CC(=O)N1CCN(c2nc(OC[C@@H]3CCCN3C)nc3c2C2CN(C=CC(O)=Cc4ccccc42)C3)CC1,0,0.5908850460165602
C=CC(=O)NC1CCN(C=NC(=NC=NCCCN(C)c2cc(O)cc3ccccc23)OC[C@@H]2CCCN2C)C1,0,0.5908850460165602
C=CC(=O)NCCN(CC)c1nc2ncc1CCN(C=CC(O)=CC=CC=O)CCN1CCC[C@H]1CO2,0,0.5908850460165602
C=CC(=O)NC1CCN(c2nc(OC[C@@H]3CCCN3C)ncc2CCN(C)C=CC(O)=CC=C2C=CC=C2O)C1,0,0.5908850460165602
C=CC(=O)NCCN(C)c1nc(OC[C@@H]2CCCN2C)ncc1CCNc1c#ccccccc(O)c1,0,0.5908850460165602
C=CC(=O)N1C=NN(c2nc(OC[C@@H]3CCCN3C)nc3c2CCN(c2cc(O)cc4ccccc24)C3)CC1,0,0.5908850460165602
C=CC(=O)NCCN(C)C=NC(OC1[CH]CCN1C=N)C1=CCCN(c2cc(O)cc3ccccc23)C1C,0,0.5908850460165602
C=CC(=O)NC1CCN(c2nc(OC[C@@H]3CCCN3C)ncc2CCN(C)Cc2cc(O)cc3ccccc23)C1,0,0.5908850460165602
CN1CCC[C@H]1COc1ncc2c(n1)N1CCNC(=O)C(=CC2c2cc(O)cc3ccccc23)CC1,0,0.5908850460165602
C=CC(=O)N1CCN(c2nc(OC[C@@H]3CCCN3C)nc3c2CCN([PH]2=CC(O)=Cc4ccccc42)C3)CC1,0,0.5908850460165602
C=CC(=O)NC1CCN(c2nc(OC[C@@H]3CCCN3C)ncc2C2CN(C)C=C3C=CC=CC=CCOCC32)C1,0,0.5908850460165602
C=CC(=O)N1CCN(c2nc(OC[C@@H]3CCCN3C)nc3c2CCN(c2cc(N)cc4ccccc24)C3)CC1,0,0.5908850460165602
C=CCC=O,0,0.5908850460165602
CC(=O)N1CCN(c2nc(OC[C@@H]3CCCN3C)nc3c2CCN(c2cc(O)cc4ccccc24)C3)CC1,0,0.5908850460165602
C=CC(=O)NCC1C2=C(CN(c3cc(O)cc4ccccc34)CC2)NC(OC[C@@H]2CCCN2C)N1CC,0,0.5908850460165602
C=CC(=O)N1CCN(c2nc(OC[C@@H]3CCCN3C)nc3c2C=NN(c2cc(O)cc4ccccc24)C3)CC1,0,0.5908850460165602
CN1CCC[C@H]1COc1nc2c(c(N3CCN(C(=O)C=O)CC3)n1)CCN(c1cc(O)cc3ccccc13)C2,0,0.5908850460165602
C=CC(=O)N1CCN(c2nc(NC[C@@H]3CCCN3C)nc3c2CCN(c2cc(O)cc4ccccc24)C3)CC1,0,0.5908850460165602
C=CC(=O)NCCN(C)CC(=NC1=CCCN(c2cc(O)cc3ccccc23)C1C)OC[C@@H]1CCCN1C,0,0.5908850460165602
C=CC(=O)NCC1CCN1C=NC(=NC=C=NCCCN(C)c1cc(O)cc2ccccc12)OC[C@@H]1CCCN1C,0,0.5908850460165602
CN1CCC[C@H]1COc1ncc(CC=O)c(N2CCC=CC(=O)NCC2)n1,0,0.5908850460165602
CN1CCC[C@H]1COc1ncc(C=COCc2ccccc2)c(N2CCC=CC(=O)NCC2)n1,0,0.5908850460165602
C=CC(=O)N1CCN(C2=NOOC[C@@H]3CCCN3C=NC3=C2CCN(c2cc(O)cc4ccccc24)C3)CC1,0,0.5908850460165602
C=CC(=O)P1CCN(c2nc(OC[C@@H]3CCCN3C)nc3c2CCN(c2cc(O)cc4ccccc24)C3)CC1,0,0.5908850460165602
C=CC(=O)NC1CCN(c2nc(OC[C@@H]3CCCN3C)ncc2CCN(C)C=C2C(O)=NCc3ccccc32)C1,0,0.5908850460165602
C=CC(=O)NCCN(CC)c1nc2ncc1CC1c3ccccc3CC(O)N1CCN1CCC[C@H]1CO2,0,0.5908850460165602
C=CC(=O)N1C[CH]N(c2nc(OC[C@@H]3CCCN3C)nc3c2CCN(c2cc(O)cc4ccccc24)C3)CC1,0,0.5908850460165602
C=CC(=O)N1CCN(c2nc(OC[C@@H]3C#CCN3C)nc3c2CCN(c2cc(O)cc4ccccc24)C3)CC1,0,0.5908850460165602
[CH]C(C=C)N1CCN(c2nc(OC[C@@H]3CCCN3C)nc3c2CCN(c2cc(O)cc4ccccc24)C3)CC1,0,0.5908850460165602
C=CC(=O)NCC1CCN1C=NC#COOC[C@@H]1CCCN1C=NC1=CCCN(c2cc(O)cc3ccccc23)C1,0,0.5908850460165602
C=CC(=O)NCCN(C=NC(C=NC1=CCCN(c2cc(O)cc3ccccc23)C1)OC1C=CCN1)CC,0,0.5908850460165602
C=CC(=O)NCCNc1nc(OC[C@@H]2CCCN2C)ncc1CCNC=CC(O)=Cc1ccccc1,0,0.5908850460165602
NN1C=CC1=O,0,0.5908850460165602
CN1CCC[C@H]1COc1ncc(CC=N)c(N2CCNC(=O)C=CCCP2)n1,0,0.5908850460165602
C=CC(=O)N1CCN(c2nc(OC[C@@H]3CCCN3C)ncc2CCN=Pc2cc(O)cc3ccccc23)CC1,0,0.5908850460165602
CN1CCC[C@H]1COc1ncc(CC=O)c(N2CCNC(=O)C=CCCP2)n1,0,0.5908850460165602
C=CC(=O)N1CCN(C=NC2=NC(=CCCN(C)c3cc(O)cc4ccccc34)CN3CCC[C@H]3CO2)CC1,0,0.5908850460165602
NC1C=C2CCN3C=NC(OC[CH]C1)C1=C(CCN(c4cc(O)cc5ccccc45)C1)C(C3)NC2=O,0,0.5908850460165602
C=CC(=O)N1CCN(C2=NOOC[C@@H]3CCCN3C=NC3=C2CCN(c2cc(O)cc4ccccc24)C3C)C1,0,0.5908850460165602
C=CC(=O)N1CCN(c2nc(OC[C@@H]3[CH]CCN3C)nc3c2CCN(c2cc(O)cc4ccccc24)C3)CC1,0,0.5908850460165602
C=CC(=O)NCCN(C)C=NC(OC[C@@H]1CCCN1N)C1=CCCN(c2cc(O)cc3ccccc23)C1C,0,0.5908850460165602
CC[CH]COC(C)(N=CN1CCC=CC(=O)NCC1)c1cc(O)cc2ccccc12,0,0.5908850460165602
C=CC(=O)NC1CCN(c2nc(OC[C@@H]3CCCN3C)ncc2CCN(C)C=C2PC(O)=Cc3ccccc32)C1,0,0.5908850460165602
C=CC(=O)NCC1C2CCN(c3cc(O)cc4ccccc34)CCN3CCC[C@H]3COC2N=CN1CC,0,0.5908850460165602
O=C(c1cnc2cccccnc(sc1)c(O)n2)N1CCOC(c2nccs2)C1,31,0.6304056959240253
C#CCc1ccc(O)cc1C1=NC=C2CCC3CN(CCN3NC(OCC34CCCN3CCC4)=NC=C1F)C2,99,0.5753495122343235
FC1=C(c2ncc3c(N4CC5CCC(C4)N5)nc(OCC45CCCN4C[C@H](F)C5)nc3c2F)OC#CC1,211,0.6177108501027229
Cc1cc2[nH]c#cc2c(-c2ncc3c(N4CC5CCC(C4)N5)nc(OCC45CCCN4CCC5)nc3c2F)c1C,64,0.49828533219711996
Cc1cc2[nH]ccc2c(-c2ncc3c4nc(nc3c2F)OCC2CCCN(CCC2)C23CCC(CN4C2)N3)c1C,64,0.49828533219711996
Cc1cc2[nH]ccc2c(C=NC=CC(=NC(=NC(C)F)OCC23CCCN2CCC3)N2CC3CCC(C2)N3)c1C,64,0.49828533219711996
COc1cccc2c1CCNC(=O)C=C1SC=C(O)N=CC=CC3=CC3C1CCO2,33,0.6068234906079053
COc1ccccc1CCN(CCO)C(=O)C=C[SH]1C=COCON=C(c2ccccn2)N=C1,33,0.6068234906079053
COC=CC=CC=C=C(C)N(CCO)C(=O)c1csc2c(O)nc(-c3ccccn3)nc12,33,0.6068234906079053
COc1ccccc1C1CN(C(=O)c2csc3c(O)nc(-c4ccccn4)nc23)CCO1,33,0.6068234906079053
O=C(c1csc2c(O)nc(-c3ccccn3)nc12)N1CCOC(c2ccccc2O)C1,33,0.6068234906079053
COc1ccccc1C1CN(C(=O)c2csc3c(O)nc(C4=CCCC=N4)nc23)CCO1,33,0.6068234906079053
COc1ccccc1CCN(CCO)C(=O)C=C1CC=NC(c2ccccn2)=NOC1,33,0.6068234906079053
COc1cccc2c1CCN(C(=O)C=C1C=NC(c3ccccn3)=NOC1)CCO2,33,0.6068234906079053
Oc1cc(-c2nccc(N3C[C@H]4CC[C@@H](C3)N4)nc(OCCN3C[C@@H]4C[C@H]3CO4)ncc2F)c2ccccc2c1,9,0.5037673243697602
Fc1c(CC2C=CO2)ncc2c(N3C[C@H]4CC[C@@H](C3)N4)nc(OCCN3C[C@@H]4C[C@H]3CO4)nc12,9,0.5037673243697602
CCN1CCC[C@H]1COC=NC(=C1C=NC(c2cc(O)cc3ccccc23)=C(F)C1F)N1CC2CCC(C1)N2,264,0.502912998481819
CCN1CCC[C@H]1COc1nc(N2CC3CNC(C2)N3)c2cnc(-c3cc(O)cc4ccccc34)c(F)c2n1,264,0.502912998481819
C=c1cccc(Cl)c1=C1C=NC=CC(N2CC3CCC(C2)N3)=NC(O)=NC2=C(F)OC2=C1,230,0.45120692706562343
Oc1cc(-c2ncc3c(N4CC5CCC(C4)N5)nc(OCCC(F)(F)F)nc3c2F)c2c(Cl)cccc2c1,230,0.45120692706562343
OC=CC(=C1OC=CC=C1Cl)c1ncc2c(N3CC4CCC(C3)N4)nc(OCCC(F)(F)F)nc2c1F,230,0.45120692706562343
FC(F)(F)CCOc1nc(N=CC2=c3c(Cl)cccc3=COC=C2)cc(N2CC3CCC(C2)N3)n1,230,0.45120692706562343
CNC=CC=CC=CC1C=NC2=CC3NC4CCCC3N4NC(OCC34CCCN3CCC4)=NC2=C1F,256,0.5325539157708552
c1cccc(-c2cc3nc(OCC45CCCN4CCC5)nc(N4CC5CCC(C4)N5)c3cn2)c[nH]cc1,256,0.5325539157708552
CNCF,256,0.5325539157708552
FC=CN=C1CCN2CCCC12COC#CN=C(C=CN=Cc1cccccc[nH]c1)N1CC2CCC(C1)N2,256,0.5325539157708552
Fc1c(C2C=CC=CC=CNC2)ncc2c(N3CC4CCC(C3)N4)nc(OCC34CCCN3CCC4)nc12,256,0.5325539157708552
Fc1c(C2=CC=NCC=C2)ncc2c(N3CC4CCC(C3)N4)nc(OCC34CCCN3CCC4)nc12,256,0.5325539157708552
FC12N=C(OCC34CCCN3CCC4)N=C(N3CC4CCC(C3)N4)C=CN=CC13C=CC=CC=CNC32,256,0.5325539157708552
Nn1ccc2cccc(-c3ncc4c(N5CC6CCC(C5)N6)nc(OCC56CCCN5CCC6)nc4c3F)c21,256,0.5325539157708552
CN1CCCC12COC1CC2=Nc2c(cnc(-c3cccc4ccn(C)c34)c2F)C(N2CC3CCC(C2)N3)=N1,256,0.5325539157708552
Cn1ccc2cccc(-c3ncc4c(N5CC6CCC(C5)N6)nc(OCC56CCCN5CCC6)nc4c3F)c21,256,0.5325539157708552
Cn1ccc2cccc(-c3ncc4c(N5CC6CCC(N6)O5)nc(OCC56CCCN5CCC6)nc4c3F)c21,256,0.5325539157708552
FC12N=C(OCC34CCCN3CCC4)N=C(N3CC4CCC(C3)N4)C=CN=CC13C=C2C=CC=CNC3,256,0.5325539157708552
Fc1c(-c2cccc3c2CNC=C3)ncc2c(N3CC4CCC(C3)N4)nc(OCC34CCCN3CCC4)nc12,256,0.5325539157708552
N=C1CCN2CCCC12CC1N=C(N2CC3CCC(C2)N3)C=C2N=CC3(C=CC=CC=CNC3)C(F)=C21,256,0.5325539157708552
CCCC12COC3N=C(N4CC5CCC(C4)N5)c4cnc(-c5cccc6ccn(C)c56)c(F)c4N=C1CCN32,256,0.5325539157708552
CCCN1CCN=C1COc1nc(N2CC3CCC(C2)N3)c2cnc(-c3cccc4ccn(C)c34)c(F)c2n1,256,0.5325539157708552
CNC=CC=CC=CCc1ncc2c(N3CC4CCC(C3)N4)nc(OCC34CCCN3CCC4)nc2c1F,256,0.5325539157708552
C=C(C=CC=CC=CNC)c1ncc2c(N3CC4CCC(C3)N4)nc(OCC34CCCN3CCC4)nc2c1F,256,0.5325539157708552
CNC=CC=CC1=CC(F)C2=NC=CC(NC3CC3N)=NC(OCC34CCCN3CCC4)=NC2=C1,256,0.5325539157708552
CC1CCC(N=Nc2nc(OCC34CCCN3CCC4)nc3c(F)c(-c4cccc5ccn(C)c45)ncc23)N1,256,0.5325539157708552
CC1CN1c1ccncc2ccc(c(F)cnc(OCC34CCCN3CCC4)n1)=CC=CNC=C=2,256,0.5325539157708552
FC=C1N=C(OCC23CCCN2CCC3)N=C2C=C1N=CC1=C3C(=CNC3C3CCC(NC3)N2)C=CC=C1,256,0.5325539157708552
C(=Nc1cc(N2CC3CCC(C2)N3)nc(OCC23CCCN2CCC3)n1)c1ccccccn2c1C2,256,0.5325539157708552
Cn1ccc2cccc(-c3ncc4c(N5COCCC(N)C5)nc(OCC56CCCN5CCC6)nc4c3F)c21,256,0.5325539157708552
Fc1c(-c2cccc3cc[nH]c23)ncc2c(N3CC4CCC(C3)N4)nc(OCC34CCCN3CCC4)nc12,256,0.5325539157708552
CN1CCCCC(OC2N=C(N3CC4CCC(C3)N4)C=C3N=CC4(C=CC=CC=CNC4)C(F)=C32)C1=N,256,0.5325539157708552
CNC=CC=CC=C1C=CN=C(OCC23CCCN2CCC3)N=C2C(=CN=CC1F)CC1C=CN2N1,256,0.5325539157708552
Cn1ccc2cccc(-c3nccc(N4CC5CCC(C4)N5)nc4nc(c3F)C3CN5CCCC5(CO4)C3)c21,256,0.5325539157708552
C=C1N=C(OCC23CCCN2CCC3)NN2CCN3CC2CCC1(C=CN=CC(F)C=CC=CC=CNC)C3,256,0.5325539157708552
Cn1ccc2cccc(-c3ncc4c(N5CC6CCC(C5)N6)nc(OCC56CCC=C5CCC6)nc4c3F)c21,256,0.5325539157708552
Cn1ccc2cccc(-c3ncc4c(c3F)N=C4NCC3CCCCN3NCOCC34CCCN3CCC4)c21,256,0.5325539157708552
Cn1ccc2cccc(-c3ncnc(N4CC5CCC(C4)N5)nc(OCC45CCCN4CCC5)ncc3F)c21,256,0.5325539157708552
C=NC(=NC(=NCC=NC(=CC)c1cc(O)cc2ccccc12)N1CC2CCC(C1)N2)OC[C@@H]1CCCN1C,243,0.5293750249267739
NN=CCC[CH]COC1=NC(N2CC3CCC(C2)N3)=CC2=NC(c3cc(O)cc4ccccc34)=CCC21,243,0.5293750249267739
ClC1=CS2=NC3(C=NC(=C1)O2)N=CC=CCO3,37,0.8009873065672737
CC1CN(c2ccccc2)CCN1C(=O)C=C[SH]1C=C(O)N=C(c2ccccn2)C1,32,0.6249620044663522
CC1CN(c2ccccc2)CCN1C(=O)CSc1cnc(-c2ccccn2)nc1O,32,0.6249620044663522
CC1C[SH](c2ccccc2)CCN1C(=O)c1csc2c(O)nc(-c3ccccn3)nc12,32,0.6249620044663522
CC1CN(c2ccccc2)CCN1C(=O)C=CSC=C(O)N=O,32,0.6249620044663522
CC=C1C2=CCN1CC(C)N(C(=O)c1csc3c(O)nc(-c4ccccn4)nc13)CC2,32,0.6249620044663522
C=NCN(CCNC(=O)c1csc2c(O)nc(-c3ccccn3)nc12)c1ccccc1,32,0.6249620044663522
CN1C=CC=CCCN(C(=O)c2csc3c(O)nc(-c4ccccn4)nc23)CCC1,32,0.6249620044663522
CC1CN(c2ccccc2)CCN1C(=O)c1csc2c(O)nc(C3=CC=C[SH]=N3)nc12,32,0.6249620044663522
C#CC=CC=CN1CCN(C(=O)c2csc3c(O)nc(-c4ccccn4)nc23)C(C)C1,32,0.6249620044663522
C=C1C(=O)N2CCC3C=CN(CC3C2)Sc2c(O)nc(-c3ccccn3)nc21,32,0.6249620044663522
O=CN1CCC2=CC=CN(c3csc4c(O)nc(-c5ccccn5)nc34)C2CC1,32,0.6249620044663522
CC1CN(c2ccccc2)CCN1C(=O)C=C1C=NS1(O)N=Cc1ccccn1,32,0.6249620044663522
CC1CN(c2ccccc2)CCN1C(=O)c1csc2c(O)nc(-c3ccccn3)nc12,32,0.6249620044663522
CC1CN(c2ccccc2)CCN1C(=O)c1csc2c(O)nc(C=CC=C3C=N3)nc12,32,0.6249620044663522
CC1CN(c2ccccc2)CCN1C(=O)c1csc2c1=N[SH](c1ccccn1)NC=2O,32,0.6249620044663522
O=C(c1csc2c(O)nc(-c3ccccn3)nc12)N1CCN2C=CC=CC=CCC1C2,32,0.6249620044663522
CC1CN(c2ccccc2)CCN1C(=O)C=C1C=NC(C=C2C=CC=NC2)=NC(O)=CS1,32,0.6249620044663522
CN1CCCC2(COC=N2)C1,4,0.4680169749016315
CN1CCCC=C(COF)C1,4,0.4680169749016315
CN(C)CC1CCC1OC=NC(NC1C#CCCC(N)C1)=C1C=C(F)C(c2cc(O)cc3ccccc23)=C(F)C1=N,4,0.4680169749016315
CN(C)CC1(COc2nc(N3CC4CCC(C3)N4)c3cc(F)c(-c4cc(O)cc5ccccc45)c(F)c3n2)CC1,4,0.4680169749016315
CN(C)CCONCOc1nc(N2CC3CCC(C2)N3)c2cc(F)c(-c3cc(O)cc4ccccc34)c(F)c2n1,4,0.4680169749016315
CN(C)CC1CCC1OC=NC(=CC1=C(F)C(C=C2C=C(O)Cc3ccccc32)=C(F)C1=N)N1CC2CCC(C1)N2,4,0.4680169749016315
CN1CCCC(COC=NC2=CC=C(F)C(C=CC(O)F)=C(F)C(=N)C34CCC(CN2C3)N4)C1,4,0.4680169749016315
CN(C)CC1=C(F)c2nc(nc(N3CC4CCC(C3)N4)c2C=C(F)Cc2cc(O)cc3ccccc23)OC1,4,0.4680169749016315
CN(C)C1CCC1COC=NC1=CC=C(F)C(c2cc(O)cc3ccccc23)=CC(=N)N2C3CCC2CN1C3,4,0.4680169749016315
C=C(C(F)=Cc1c(N2CC3CCC(C2)N3)nc2nc1C(F)(CN(C)C)CO2)c1cc(O)cc2ccccc12,4,0.4680169749016315
CN1CCCC(COC=NC(=CC=C(F)C(=CF)c2cc(O)cc3ccccc23)N2CC3CCC(C2)N3)C1,4,0.4680169749016315
Cc1cc(-c2c(F)cc3c(N4CC5CCC(C4)N5)nc(OCC4(CN(C)C)CC4)nc3c2F)c2ccccc2c1,4,0.4680169749016315
CN(C)C1CCC1COC=NC1=CC=C(F)C(F)(C2=CCOCc3ccccc32)C(=N)N2C3CCC2CN1C3,4,0.4680169749016315
CN(C)CC1(COc2nc(N3CC4CCC(C3)N4)c3cc(F)c(-c4cc(O)cc5cnccc45)c(F)c3n2)CC1,4,0.4680169749016315
C=CCC=C(O)C=CCC(F)=CC=C(N=COCCCN(C)C)N1CC2CCC(C1)N2,4,0.4680169749016315
CCCN(C)NCOc1nc(N2CC3CCC(C2)N3)c2cc(F)c(-c3cc(O)cc4ccccc34)c(F)c2n1,4,0.4680169749016315
CN(C)CC1(COC2=NN(N3CC4CCC(C3)N4)C3C=C(F)C(c4cc(O)cc5ccccc45)=C(F)C3=N2)CC1,4,0.4680169749016315
CN1CN=c2c(F)c(-c3cc(O)cc4ccccc34)c(F)cc2=C(N2CC3CCC(C2)N3)N=COCC2(CC2)C1,4,0.4680169749016315
CCC(F)=C(C(F)=CC=C(N=COCC1CC1N(C)C)N1CC2CCC(C1)N2)c1cc(O)cc2ccccc12,4,0.4680169749016315
CN1CCCC=C(COC=NC(Cc2cc(O)cc3ccccc23)N2CCC3CC32)C1,4,0.4680169749016315
CC1=CCC(NC(N=COCC2CCC2N(C)C)=C2C=C(F)C(c3cc(O)cc4ccccc34)=C(F)C2=N)N1,4,0.4680169749016315
CN1CCCC=C(COC=NC(=CC=C=NCF)N2CC3CCC(C2)N3)C1,4,0.4680169749016315
CN(C)CCCOC=NC1CC2CCC(C1)N2C1C=C(F)C(c2cc(O)cc3ccccc23)=C(F)C1=N,4,0.4680169749016315
CN(N)CC1(COc2nc(N3CC4CCC(C3)N4)c3cc(F)c(-c4cc(O)cc5ccccc45)c(F)c3n2)CC1,4,0.4680169749016315
CC(CN(C)C)C1N=C2C3C4CCC(CN3C(=CC=C(F)C2(F)C=CC(O)=C2C=C=CC=C2)N=CO1)N4,4,0.4680169749016315
N=CC(CCF)COC1C=C(F)C2=COC=CC=CC=CC2C=NC=CC(N2CC3CCC(C2)N3)=N1,96,0.4647716261033592
Fc1c(-c2cccccocc2)ncc2c(N3CC4CCC(C3)N4)nc(OCC3(C(F)(F)F)CC3)nc12,96,0.4647716261033592
Oc1cc(-c2ncc3c(N4CC5CCC(C4)N5)nc(OCC4(C(F)(F)F)CC4)nc3c2F)c2ccccc2c1,96,0.4647716261033592
Oc1cc(-c2nc3c4c(nc(OCC5(C(F)(F)F)CC5)nc4c2F)N2CCCCC(C2)N3)c2ccccc2c1,96,0.4647716261033592
C=CC=C(C=CO)c1ncc2c(N3CC4CCC(C3)N4)nc(OCC3(C(F)(F)F)CC3)nc2c1F,96,0.4647716261033592
OC=C1C=NC=CCC(=CF)N=C(OCC2(C(F)(F)F)CC2)NN2C3CCC2CN(C1)C3,96,0.4647716261033592
CN(C)CC1CN1C=NC(=C1C=NC(c2cc(O)cc3ccccc23)=C(F)C1=NO)N1CC2CCC(C1)N2,7,0.5540252819269074
NCOCCCOC=NC(=CC=NC(=CF)c1cccc2cccc(Cl)c12)N1CC2CCC(C1)N2,100,0.5396905009650159
CC1CCC(Cc2cc(=NC(=CF)c3cccc4cccc(Cl)c34)cnc(OCC3COC3)n2)N1,100,0.5396905009650159
CN(C)CCOC=NC(N=C1C=NC(c2cc(O)cc3ccccc23)=C(F)C1=N)N1C[C@H]2CC[C@@H](C1)N2,16,0.5409039984070652
CN1CCOC=NC(N2C[C@H]3CC[C@@H](C2)N3)=c2cnc(-c3cc(O)cc4ccccc34)c(F)c2=NC1,16,0.5409039984070652
CN(C)CCOc1nc(N2C[CH]CC[C@@H]3NC32)c2cnc(-c3cc(O)cc4ccccc34)c(F)c2n1,16,0.5409039984070652
CN(C)CCOC=NC(=CC=NC(CF)c1cc(O)cc2ccccc12)N1C[C@H]2CC[C@@H](C1)N2,16,0.5409039984070652
CN(C)CCOc1nc(N2C[C@H]3CC[C@@H](C2)N3)c2cnc(-c3cccccccc(O)c3)c(F)c2n1,16,0.5409039984070652
CN(C)CC1N=c2c(F)c(-c3cc(O)cc4ccccc34)ncc2=C(NC[CH]C2[CH]C2)N=CO1,16,0.5409039984070652
CN(C)CCOc1nc(N2C[C@@H]3CN[C@H](C2)N3)c2cnc(-c3cc(O)cc4ccccc34)c(F)c2n1,16,0.5409039984070652
CN(C)CCOC=NC(=CC=NC(=C(F)C#N)c1cc(O)cc2ccccc12)N1C[C@H]2CC[C@@H](C1)N2,16,0.5409039984070652
CN(C)CCOC=NC1=NCN2C[C@H]3CC[C@@H](C2)N3C2C=NC(c3cc(O)cc4ccccc34)=C(F)C2=N1,16,0.5409039984070652
CN(C)CCOC=NC(=CC=NC(F)c1cc(O)cc2ccccc12)N1C[C@H]2CC[C@@H](C1)N2,16,0.5409039984070652
CN(C)CCOc1ncc(F)c(-c2cc(O)cc3ccccc23)nccc(N2C[C@H]3CC[C@@H](C2)N3)n1,16,0.5409039984070652
CN(C)CCOC=NC(=CC=NC(=C(F)C=CN)c1cc(O)cc2ccccc12)N1C[C@H]2CC[C@@H](C1)N2,16,0.5409039984070652
CN(C)CCOc1nc(N2[CH][C@H]3CC[C@@H](C2)N3)c2cnc(-c3cc(O)cc4ccccc34)c(F)c2n1,16,0.5409039984070652
CN(C)CCOC=NC(=CC1=NC(C=C2C=C(O)Cc3ccccc32)=C(F)C1=N)N1C[C@H]2CC[C@@H](C1)N2,16,0.5409039984070652
C=CC=C(C=CO)c1ncc2c(N3CC4CCC(C3)N4)nc(OCCc3ccccn3)nc2c1F,50,0.466316290607629
N=Cc1cc(=Nc2cccs2)nco1,28,0.6860289468652685
FC=C1C=CC(c2ncc3c(N4CC5CCC(C4)N5)nc(OCC45CCCN4CCC5)nc3c2F)=C=C1C1CC1,131,0.5916265150397024
N=CCNCC1=CC=CC=CNCC2=CC(=C=CO1)NC=N2,3,0.39717530015858915
Cn1cnc(Cn2ccc3ccc(CNCc4[nH]c5ccccc5c4[C@@H]4C=CC(O)=CC=CC(=O)N4)cc32)c1,3,0.39717530015858915
Fc1cnc(OCC23CCCN2CCC3)nc(N2CC3CCC(C2)N3)ccnc1-c1cccc2scnc12,260,0.5251321219396228
FC1=C(c2cccc3scnc23)N=COC(N2CC3CCC(C2)N3)N=C(OCC23CCCN2CCC3)N=C1,260,0.5251321219396228
Fc1c(N=Cc2cnc(OCC34CCCN3CCC4)nc2N2CC3CCC(C2)N3)ccc2c1=[SH]CC=2,260,0.5251321219396228
FC=C(N=C1C=NC(NC2CCCCC2N=COCC23CCCN2CCC3)=C1)c1cccc2scnc12,260,0.5251321219396228
FC=NC(=CC=NC(=CF)c1cccc2scnc12)N1CC2CCC(C1)N2,260,0.5251321219396228
Cc1cccc2cccc(-c3cc4nc(OC[C@@H]5CCCN5C)nc(N5CC6CCC(C5)N6)c4cn3)c12,179,0.5488480351879372
N#CC=C(N)SC=C(F)C=CC1C=C(Cl)C2=CC(N3CC4CCC(C3)N4)=NCC2=C1F,19,0.5397581241634744
N#CC=C(N)SC=C(F)C=CC(F)Nc1cc2ncnc(N3CC4CCC(C3)N4)c2cc1Cl,19,0.5397581241634744
N#CC=C(N)SCF,19,0.5397581241634744
N#CC=C(N)Sc1cc(-c2c(Cl)cc3c(N4CC5CCC(C4)N5)ncnc3c2F)ccc1F,19,0.5397581241634744
N#CC=C(N)SC=C(F)C=CC(F)C1=C(Cl)C#CCN2CC3CCC(C2)N3NC=NC=C1,19,0.5397581241634744
Fc1c2nc(OCc3cccnc3)nc(N3CC4CCC(C3)N4)ccnc1-c1cc(cc3ccccc13)O2,160,0.48447162940206834
CC(C)c1ccc(O)cc1-c1ncc2c(N3CC4CCC(C3)N4)nc(OCC34CCCN3CCC4)nc2c1F,233,0.5810004759394471
OC[C@@H]1COC=NC2=Cc3nc4cc5c3=C(Cl)C(C=C5)C3CC5(CN2CC3N5)C(=NO1)C=4F,102,0.4908752961065085
C=NC1[C@@H](F)CN2CCC(=CC=NC(=CF)c3cccc4c3CC3CC43)N3CCCCC12C3,5,0.6090729444392775
FC=C1N=CC=C(N2CC3CCC(C2)N3)N=C(OC[C]CF)N=CC2c3c1cccc3C1CC21,5,0.6090729444392775
FC(N=Cc1cnc(OC[C@@]23CCCN2C[C@H](F)C3)nc1N1CC2CCC(C1)N2)c1cccc2c1CC1CC21,5,0.6090729444392775
Fc1c2nc(OC[C@@]34CCCN3C[C@H](F)C4)nc(N3CC4CCC(C3)N4)ccnc1c1cc2cc2c1CC1CC21,5,0.6090729444392775
N=CC(F)=C1C=CC(O)=C2CC=CC(=N1)C=C(N1CC3CCC(Cl)(C1)N3)N=COC[C@@H]1CCCN1C2,225,0.4198441229320491
CN1CCC[C@H]1COC=NC1(C=NCc2cc(O)cc3ccccc23)C(F)C(=N)N2C3CCC2(Cl)CN1C3,225,0.4198441229320491
CC1C=CC=C2C=CC(O)=CC(c3cc4ncnc(N5CC6CCC(C5)N6)c4cn3)=C21,258,0.606971031783254
O=C1N[C@H](C2=C(CNCc3ccc4ccn(Cc5ccccc5)c4c3)NC3=CC=CC[C@@H]32)c2cc(O)ccc21,2,0.36944530936690284
O=CN1c2ccc(O)cc2[C@H]1C=C(CNCC=c1ccc2c(c1)N(CC=C1[CH]C=CC=C1)C=2)Nc1ccccc1,2,0.36944530936690284
O=C1N[C@H](c2c(CNCc3ccc4ccn(Cc5ccccc5)c4c3)[nH]c3ccccc23)c2cc(O)ccc21,2,0.36944530936690284
O=C1C=CC=C(O)C=N[C@@H](c2c(CNCc3ccc4ccn(Cc5ccccc5)c4c3)[nH]c3ccccc23)N1,2,0.36944530936690284
C=C1C=CCN2C1=CC=CC1=CCN(CC3=C[C@H](c4cccc(O)c4)N(C=O)c4ccccc4N3)C=C12,2,0.36944530936690284
[NH]c1ccc2c(c1)[C@@H](c1c(CNCc3ccc4ccn(Cc5ccccc5)c4c3)[nH]c3ccccc13)NC2=O,2,0.36944530936690284
O=C1N[C@H](c2c(CNCc3ccc4ccn(Cc5cccnc5)c4c3)[nH]c3ccccc23)c2cc(O)ccc21,2,0.36944530936690284
CN1CCC[C@H]1C1N=C2C(F)=C(C=CC3=CC=CC=C=C=C3)N=CC=C(N=CO1)N1CC3CCC(N3)C21,246,0.5319574031038554
[CH]N=C,6,0.5294256172685204
c1ccc2c(-c3cc4nc(OCC56CCCN5CCC6)nc(N5C[C@H]6CC[C@@H](C5)N6)c4cn3)cccc2c1,17,0.5176667136313509
Fc1c(C2C=CC=CC=CC=CC2)ncc2c(N3C[C@H]4CC[C@@H](C3)N4)nc(OCC34CCCN3CCC4)nc12,12,0.4982480309768895
CC=c1nc(OCC23CCCN2CCC3)nc(N2C[C@H]3CC[C@@H](C2)N3)c1=CN=Cc1ccccccccc1,12,0.4982480309768895
C#Cc1cccc2cccc(-c3ncc4c(N5CC6CCC(C5)N6)nc(OCC56CCCN5CCC6)nc4c3F)c12,97,0.4844740576184794
FC=CC=C1C=CC=C1Cc1ncc2c(N3C[C@H]4CC[C@@H](C3)N4)nc(OCC34CCCN3CCC4)nc2c1F,14,0.5022140297202404
O=c1nc(-c2ccccn2)[nH]c2c1sc1ccccc12,24,0.6447758701831339
CN1CCC[C@H]1COC1=NC2=C(F)C3(C=CC=CCCCC3)C3=NC2=CC1N1CCCCC1(N)C3,231,0.6465948914099093
C1#CN2CCCC2(COc2nc(N3CC4CCC(C3)N4)c3cnc(-c4cccc5ccccc45)cc3n2)C1,261,0.5339054318864117
CC1=CC(O)=CCC1NCCNC(=O)c1csc2c(O)nc(-c3ccccn3)nc12,40,0.5643361970335375
Cn1ccnc1CCOc1nc(N2COCCC(N)C2)c2cnc(-c3cc(O)cc4ccccc34)c(F)c2n1,48,0.4747042976497913
Cn1ccnc1CCOc1nc(N2CC3CCC(C2)N3)c2cnc(-c3cc(O)cc4ccccc34)c(F)c2n1,48,0.4747042976497913
Cn1ccnc1CC1N=C2C3C4CCC(CN3C(=CC=NC2(F)CC(O)=Cc2ccccc2)N=CO1)N4,48,0.4747042976497913
Cn1ccnc1CCOC=NC(=Cc1n[nH]c(-c2cc(O)cc3ccccc23)c(F)c1=N)N1CC2CCC(C1)N2,48,0.4747042976497913
CC1CCC(C=Nc2nc(OCCc3nccn3C)nc3c(F)c(-c4cc(O)cc5ccccc45)ncc23)N1,48,0.4747042976497913
Cn1ccnc1CCOc1nc(N2CC3CCC(C2)N3)c2cnc(C3=CC(O)=CC4CC=CC=C34)c(F)c2n1,48,0.4747042976497913
Cn1ccnc1CCOCC(=C1C=NC(c2cc(O)cc3ccccc23)=C(F)C1=N)N1CC2CCC(C1)N2,48,0.4747042976497913
Cn1ccnc1CCOC=NCNC1CCCCC1,48,0.4747042976497913
Cn1cc2nc1CCOC=NC(N1CC3CCC(C1)N3)=C1C=NC(c3cc(O)cc4ccccc34)=C(F)C12C,48,0.4747042976497913
Cn1ccnc1C1COc2nc(c3cnc(-c4cc(O)cc5ccccc45)c(F)c3n2)N2CCCCC(C2)N1,48,0.4747042976497913
Cn1ccnc1CCOc1cc2c(F)c(-c3cc(O)cc4ccccc34)ncc2c(N2CC3CCC(C2)N3)n1,48,0.4747042976497913
Cn1ccnc1CCOc1nc(N2CCCCCC2N)c2cnc(-c3cc(O)cc4ccccc34)c(F)c2n1,48,0.4747042976497913
Cn1ccnc1C1COC2=NC1(N1CCCCC(N)C1)C1C=NC(c3cc(O)cc4ccccc34)=C(F)C1=N2,48,0.4747042976497913
Cn1ccnc1CC1N=c2c(F)c(-c3cc(O)cc4ccccc34)ncc2=C(NCCC2CC2)N=CO1,48,0.4747042976497913
CC(C)Cc1ccc2cc1-c1ncc3c(nc(OC[C@@]45CCCN4C[C@H](F)C5)nc3c1F)NCC1CCC(C2)N1,244,0.5595551018597551
CC(NC(=O)c1csc2c(O)nc(-c3ccccn3)nc12)c1ccccc1Cl,34,0.5980024076724674
C=NC(COCC12CCCN1CCC2)=NC(=CC=NC(=CF)c1ccccc1C(F)F)N1CC2CCC(C1)N2,112,0.6006674742286361
C=CC=C(N=C=O)N=CC=C(N)C=Cc1sncc1C,268,0.7644776862907401
O=C(CCc1c[nH]c2ccccc12)Nc1nnc(-c2ccccn2)[nH]1,21,0.618415556108483
Fc1c(C2=C3C=C4C=CC43OC=C2)ncc2c(N3CC4CCC(C3)N4)nc(OCCCC(F)(F)F)nc12,77,0.40669271256973727
[2H]C1([2H])Oc2nc(c(CCNc3cc(O)ccc3C(F)(F)F)c(N3CC4CCC(C3)N4)n2)C1C12CCCN1CCC2,18,0.6705362242783133
[2H]C([2H])(Oc1nc2c(c(N3CC4CCC(C3)N4)n1)CCN(C=Cc1ccc(C(F)(F)F)o1)C2)C12CCCN1CCC2,18,0.6705362242783133
CCC1=CC=CC2=CC(O)=CC(c3ncc4c(N5CC6CCC(C5)N6)ncnc4c3F)N21,258,0.606971031783254
COC(C)c1cc2nc(-c3ccccn3)nc(O)c2s1,45,0.7693068944765054
Cc1ccc2[nH]ncc2c1-c1nccc(N2CC3CCC(C2)N3)nc(OCCc2nccn2C)ncc1F,147,0.4848044503869664
CN1CCC[C@H]1COc1nc(N2CC3CCC(C2)N3)c2cnc(-c3cccc4cccc(CCC#N)c34)cc2n1,180,0.4921847395972554
N#C[C@@H]1C[C@H]1C(=O)Nc1cc2c(cn1)=C(N)C=Cc1sncc1CC=2,268,0.7644776862907401
CCCC1CCOC2=Nc3c(F)c4cc(c3=NC=CC(=N2)N2CC3CCC1(C2)N3)=C1OC=C1C=CC=C4,49,0.503099667316813
CCC=CF,115,0.6303175330121144
CCc1ccccc1-c1ncc2c(N=CC3CCC(C)N3)nc(OCC34CCCN3CCC4)nc2c1F,115,0.6303175330121144
CCC=C1C=CC#CC1c1ncc2c(N3CC4CCC(C3)N4)nc(OCC34CCCN3CCC4)nc2c1F,115,0.6303175330121144
FC1=c2nc(OCC34CCCN3CCC4)nc(N3CC4CCC(C3)N4)c2=CN=Cc2ccccc2CC1,115,0.6303175330121144
Fc1c(-c2cccc3c2CC2CC32)ncc2c1=NC1[C@@H](F)CN3CCC[C@@]13COC=NC=2N1CC2CCC(C1)N2,5,0.6090729444392775
[C][C@H]1CN2CCC[C@@]2(COc2nc(N3CC4CCC(C3)N4)c3cnc(-c4cccc5c4CC4CC54)c(F)c3n2)C1,5,0.6090729444392775
Fc1c(-c2cccc3c2CC2CC32)ncc2c(N3CC4CCCC3N4)nc(OC[C@@]34CCCN3C[C@H](F)C4)nc12,5,0.6090729444392775
FC=C1c2ccccc2CC2CC2C=NC(OC[C@@]23CCCN2C[C@H](F)C3)=NC1N1CC2CCC(C1)N2,5,0.6090729444392775
CN1CCC[C@H]1COC=NC(=CC=NC(=N)c1cccc2cccc(C#N)c12)N1CC2CCC(C1)N2,246,0.5319574031038554
N#Cc1cc(C2=C(Cl)C=C3NC4CN4C3=NC=NC2=CF)ccc(F)csc1N,19,0.5397581241634744
N#Cc1c(N)sc2c(F)ccc(C=C(Cl)C=c3c(N4CC5CCC(C4)N5)ncnc3=CF)c12,19,0.5397581241634744
C#CC=CC=CC=CC=CC(F)C=NC=CC(=NNC(=NC=C)OCC12CCCN1CCC2)N1C[C@H]2CC[C@@H](C1)N2,13,0.4844740576184794
Cc1c(-c2cc(O)cc3ccccc23)ncc2c(N3CC4CCC(C3)N4)nc(OCC3(C(F)(F)F)CC3)nc12,96,0.4647716261033592
Fc1c(C2=c3ccccc3=COC=C2)ncc2c(N3CC4CCC(C3)N4)nc(OCC3(C(F)(F)F)CC3)nc12,96,0.4647716261033592
CCC1CN2CC3C2c2cnc(-c4cc(O)cc5ccccc45)c(F)c2N=C(OCC2(C(F)(F)F)CC2)NN13,96,0.4647716261033592
FC=C(N=C1C=NC(OCC23CCCN2CCC3)=NN2[C@@H]3CC[C@H]2CN(C1)C3)c1cccc2ccccc12,17,0.5176667136313509
FC1=C(c2cccc3ccccc23)N=CC2C1=NC(OCC13CCCN1CCC3)=NC2N1C[C@H]2CC[C@@H](C1)N2,17,0.5176667136313509
FC=C1C=C2CC=CC=C2C=NC(OCC23CCCN2CCC3)=NN2[C@@H]3CC[C@H]2CN(C1)C3,17,0.5176667136313509
ClCN=CC1=c2c(Cl)cccc2=COC=C1,230,0.45120692706562343
C=c1cccc(Cl)c1=C1C=COC(F)(OCCC(F)F)N=C(N2CC3CCC(C2)N3)C=CN=C1,230,0.45120692706562343
Fc1c(C2=CC(Cl)=C=CC=COC=C2)ncc2c(N3CC4CCC(C3)N4)nc(OCCC(F)(F)F)nc12,230,0.45120692706562343
C1=CO1,230,0.45120692706562343
Oc1cc(C2=NC=c3c(nc(OCCC(F)(F)F)nc3=CF)NCC3CCC(C2)N3)c2c(Cl)cccc2c1,230,0.45120692706562343
Fc1c(-c2cccc3scnc23)ncc2c(N3CC4CCC(C3)N4)nc(OCC34CCCN3CCC4)nc12,260,0.5251321219396228
FC=C(c1cnc(OCC23CCCN2CCC3)nc1N1CC2CCC(C1)N2)c1cccc2scnc12,260,0.5251321219396228
FC=C(c1cccc2scnc12)N1C=NC(OCC23CCCN2CCC3)=NC1N1CC2CCC(C1)N2,260,0.5251321219396228
FC=CC=C1C=CCS1,260,0.5251321219396228
FC=C(N=C1C=NC(OCC23CCCN2CCC3)=NN2C3CCC2CN(C1)C3)c1cccc2scnc12,260,0.5251321219396228
CN1CCCC12COC1=NC(N3CC4CCC(C3)N4)=c3cnc(-c4cccc5scnc45)c(F)c3=NC2C1,260,0.5251321219396228
CC=CC=C1COC2=C1C(c1ncc3c(N4CC5CCC(C4)N5)nc(OCCc4ncccc4C)nc3c1F)=C2,52,0.45171187753281705
Cc1cccnc1CC1N=C2C3C4CCC(CN3C(=CC=NC2(F)C=CC(O)=C2C=CC=CC2)N=CO1)N4,52,0.45171187753281705
C=NC(=NC(=CC=NC(=CF)c1cccc2cccc(Cl)c12)N1CCC2CC(=CN2)C1)OCC1COC1,100,0.5396905009650159
CN1CCCC2(COC=NC(N3CC4CCC(C3)N4)=CC=C(F)C2(N)C=CC2(O)C=CC=C2)C1,4,0.4680169749016315
CN(C)CC1CCC1OC=NC(=c1cc(F)c2c(F)c1=NOc1c(O)cc3ccccc3c1-2)N1CC2CCC(C1)N2,4,0.4680169749016315
CN(C)CC1(COc2nc(N3CC4CCC(C3)N4)c3cc(F)c(-c4cc(O)cc5ccccc45)c(N)c3n2)CC1,4,0.4680169749016315
CC(CN(C)C)C1N=C2C3C4CCC(CN3C(=CC=C(F)C2(F)C=CC(O)c2ccccc2)N=CO1)N4,4,0.4680169749016315
CC#CC=C(N=COCC1CCN(C)C1)N1CC2CCC(C1)N2,4,0.4680169749016315
CN(C)C1CC1COC1=NCN2CC3CCC(C2)N3C2C=C(F)C(c3cc(O)cc4ccccc34)=C(F)C2=N1,4,0.4680169749016315
CN(C)CC1(COc2nc(N3CC4CCC(C3)N4)c3cc(F)c(-c4cccccccc(O)c4)c(F)c3n2)CC1,4,0.4680169749016315
CN1CC(COc2nc3c(c(N4CC5CCC(C4)N5)n2)C=C(F)Cc2cc(O)ccccccc2C3F)C1,4,0.4680169749016315
CN1CCC(COC=NC(=C2C=C(F)C(c3cc(O)cc4ccccc34)=C(F)C2)N2CC3CCC(C2)N3)C1,4,0.4680169749016315
CC1CCN(C(N=COCC2CCC2N(C)C)=C2C=C(F)C(c3cc(O)cc4ccccc34)=C(F)C2=N)CN1,4,0.4680169749016315
CN(C)CC1CC1Oc1nc(N2CC3CCC(C2)N3)c2cc(F)c(-c3cc(O)cc4ccccc34)c(F)c2n1,4,0.4680169749016315
CN(O)CC1(COc2nc(N3CC4CCC(C3)N4)c3cc(F)c(-c4cc(O)cc5ccccc45)c(F)c3n2)CC1,4,0.4680169749016315
CN1CC2CCC1C(C=CC1=CC=CC=CO1)C(F)=CC=C(N1CC3CCC(C1)N3)N=COC2,4,0.4680169749016315
CN(C)C1(COc2nc(N3CC4CCC(C3)N4)c3cc(F)c(-c4cc(O)cc5ccccc45)c(F)c3n2)CC1,4,0.4680169749016315
CC1=C(c2cc(O)cc3ccccc23)C(F)=CC=C(N=COCC(C)CN(C)C)N2CC3CCC(N3)C12,4,0.4680169749016315
C=CCC=C(O)C=CC1C(F)=CC=C(N2CC3CCC(C2)N3)N=COCC2CCC1N(C)C2,4,0.4680169749016315
CN(C)CC1CCC1OC=NC(=c1cc(F)c2c(F)c1=NCc1c(O)cc3ccccc3c1-2)N1CC2CCC(C1)N2,4,0.4680169749016315
C=CC1C=C(O)C=CC2=C(F)C=NC(CC)(CN(C)C)COC=NC(=CC=C2F)N2CC3CCC1(C2)N3,4,0.4680169749016315
CN1CCC(COC=NC(=CC=C(F)C2(C)C(O)=Cc3ccccc32)N2CC3CCC(C2)N3)C1,4,0.4680169749016315
CN1CCCC(COC=NC(C)(CF)N2CC3CCC(C2)N3)C1,4,0.4680169749016315
CCC1COC=NC(N2CC3CCC(C2)N3)=CC=C(F)C(F)(c2cc(O)cc3ccccc23)CN(C)C1,4,0.4680169749016315
CN(C)C1CCC1COC=NC(=CC=C(F)C(=C(N)F)c1cc(O)cc2ccccc12)N1CC2CCC(C1)N2,4,0.4680169749016315
CN1CCC(COC=NC2=C(F)C(=N)C(C=C(F)Cc3cc(O)cc4ccccc34)C3CCCCC3N2)C1,4,0.4680169749016315
CN1CCCC=C(COC=NC(=CC=C(F)CCc2cc(O)cc3ccccc23)N2CC3CCC(C2)N3)C1,4,0.4680169749016315
CN(C)CC1CCC1OC=NC(=CC1=C(F)C(C=CC2=CC=C3C=CC=C(O3)O2)=C(F)C1=N)N1CC2CCC(C1)N2,4,0.4680169749016315
CN1CCCC2COC=NC3=CC=C(F)C(C=CC(O)=CCF)=C(F)C(=NC21)C1CC2CN3CC1N2,4,0.4680169749016315
CCC1(CN(C)C)COC2=NC(=c3cc(F)c(-c4cc(O)cc5ccccc45)c(F)c3=N1)NC(C)(N)C2,4,0.4680169749016315
CCN1CCC[C@H]1COC=NC(=CC1=NC(CC=CC(O)=Cc2ccccc2)=C(F)C1=N)N1CC2CCC(C1)N2,264,0.502912998481819
CCN1CCC[C@H]1COc1nc(N2CC3CCC(C2)N3)c2cnc(-c3cc(O)cc4ccccc34)c(O)c2n1,264,0.502912998481819
CN1CCC[C@H]1COc1nc(N2CC3CCC(C2)N3)c2cnc(-c3cc(O)cc4ccccc34)c(F)c2n1,264,0.502912998481819
CCN1CCC[C@H]1COC=NC(=CC=NCc1cc(O)cc2ccccc12)N1CC2CCC(C1)N2,264,0.502912998481819
COC=C=O,33,0.6068234906079053
C=CC(=O)NCCN(C)c1nc(OC[C@@H]2CCCN2C)ncc1CCNC=C1CCOCc2ccccc21,0,0.5908850460165602
C=CC(=O)N1CCN(c2nc(OC[C@@H]3C=CCN3C)nc3c2CCN(c2cc(O)cc4ccccc24)C3)CC1,0,0.5908850460165602
C=CC(=O)N1CCN(c2nc(OC[C@@H]3CCCN3C)ncc2CCN(P)C2=CCOCc3ccccc32)CC1,0,0.5908850460165602
C=CC(=O)N1CCN(c2nc(OC[C@@H]3CCCN3C)nc3c2CCN(C2=CC4C=CC=C2C(=C)CO4)C3)CC1,0,0.5908850460165602
C=CC(=O)N1CCN(c2nc(OC[C@@H]3CCCN3C)nc3c2CCN(c2cc(O)cc4c2=CC=C=C=4)C3)CC1,0,0.5908850460165602
O=C1C=C2CCC3C(=C2CCN3c2cc(O)cc3ccccc23)N=CN2CCC[C@H]2C1,0,0.5908850460165602
C=CC(=O)NCCN=O,0,0.5908850460165602
C=CC(=O)N1CCN(c2nc(OC[CH]CCCNC)nc3c2CCN(c2cc(O)cc4ccccc24)C3)CC1,0,0.5908850460165602
C=CC(=O)N1CCN(c2nc(OC[C@@H]3CCCN3C)nc3c2CCN(c2cc4ccc2C(=CC)CO4)C3)CC1,0,0.5908850460165602
C=CC(=N)N1CCN(c2nc(OC[C@@H]3CCCN3C)nc3c2CCN(c2cc(O)cc4ccccc24)C3)CC1,0,0.5908850460165602
C=CC(=O)NC1CCC2c3nc(OC[C@@H]4CCCN4C)nc(c3CCNc3cc(O)cc4ccccc34)CN2C1,0,0.5908850460165602
C=CC(=O)N1CCN(c2nc(OC[C@@H]3CCCN3C)nc3c2CCN(c2ccccc#ccc(O)c2)C3)CC1,0,0.5908850460165602
C=CC(=O)NCCNc1nc(OC[C@@H]2CCCN2C)ncc1C1C=CCC=C(O)C=CNC1,0,0.5908850460165602
C=C1CN(c2nc(OC[C@@H]3CCCN3C)ncc2CCN2C=CC(O)=C3CC=CC=C32)CCNC1=O,0,0.5908850460165602
C=CC(=O)NC1C=CN(c2nc(OC[C@@H]3CCCN3C)nc3c2CCN(c2cc(O)cc4ccccc24)C3)C1,0,0.5908850460165602
C=CC(=O)N1CCN(C=NC(=NC2=C(CCNc3cc(O)cc4ccccc34)C2)OC[C@@H]2CCCN2C)CC1,0,0.5908850460165602
C=CC(=O)NCCN(C)C=NC(C[C@@H]1CCCN1C=N)C1=CCCN(c2cc(O)cc3ccccc23)C1C,0,0.5908850460165602
C=CC(=O)NCCN(C)c1nc(OC[C@@H]2CCCN2C)ncc1CCN1C=CC(C)Cc2ccccc21,0,0.5908850460165602
CN(C=O)CCc1cnc(OC[C@@H]2CCCN2C)nc1N1CCC=CC(=O)NCC1,0,0.5908850460165602
C=CCPC=O,0,0.5908850460165602
C=CC(=O)NC1CCN(c2nc(OC[C@@H]3CCCN3C)ncc2CCN(C)C=C2OC(O)=Cc3ccccc32)C1,0,0.5908850460165602
C=CC(=O)N1CCN(C2=NC(OC[C@@H]3CCCN3C)=NC3CN(c4cc(O)cc5ccccc45)CCN23)CC1,0,0.5908850460165602
C=CC(=O)N1CCN(c2nc(O[CH][C@@H]3CCCN3C)nc3c2CCN(c2cc(O)cc4ccccc24)C3)CC1,0,0.5908850460165602
C=CC(=O)N1CCN(c2nc(OC[C@@H]3CCCN3C)nc3c2CCN(C2=C[PH](O)=Cc4ccccc42)C3)CC1,0,0.5908850460165602
C=CC(=O)N1CCN(c2nc(OC[C@@H]3CCCN3C)nc3c2CCN(c2cc4ccccccc2o4)C3)CC1,0,0.5908850460165602
C=CC(=O)NC1CCN(c2nc(OC[C@@H]3CCCN3C)ncc2CCN(C)C=C2c3ccccc3COC2N)C1,0,0.5908850460165602
C=CC(=O)N1CCN(C2=NC3CCN(c4cc(O)cc5ccccc45)CC(=C2)N=CN2CCC[C@H]2CO3)CC1,0,0.5908850460165602
C=CC(=O)N1CCN(ONC(=NC2=CCCN(c3cc(O)cc4ccccc34)C2)OC[C@@H]2CCCN2C)CC1,0,0.5908850460165602
C=CC(=O)NCCN(CC)c1nc2ncc1CC1C3=CC4=CC=C(C=CN1CC4N1CCC[C@H]1CO2)O3,0,0.5908850460165602
C=CC(=O)N1CCN(c2nc(OC[C@@H]3CC#CN3C)nc3c2CCN(c2cc(O)cc4ccccc24)C3)CC1,0,0.5908850460165602
C=CC(=O)NCC=Nc1nc(OC[C@@H]2CCCN2C)ncc1C1C=CCC=C(O)C=CNC1,0,0.5908850460165602
C=CC(=O)N1CCN(c2nc(OC[C@@H]3CCCN3C)nc3c2CCN(C2=CC(O)=C=C=CC=CC=C2)C3)CC1,0,0.5908850460165602
C=CC(=O)N1CCN(c2nc(OC[CH]CCCN=O)nc3c2CCN(c2cc(O)cc4ccccc24)C3)CC1,0,0.5908850460165602
C=CC(=O)NC1CCN(C=NOOOC[C@@H]2CCCN2C=NC2=CCCN(c3cc(O)cc4ccccc34)C2)C1,0,0.5908850460165602
CN=CCc1cnc(OC[C@@H]2CCCN2C)nc1N1CCC=CC(=O)NCC1,0,0.5908850460165602
C=CC(=O)N1CCN(C2=NC(OC[C@@H]3CCCN3C)[CH]C3=C2CCN(c2cc(O)cc4ccccc24)C3)CC1,0,0.5908850460165602
C=CC(=O)NCC1CCN1C=NC1OOOC[C@@H]2CCCN2C=NC2=C1CCN(c1cc(O)cc3ccccc13)C2,0,0.5908850460165602
C=CC(=O)N1CCN(C2=NN(OC[C@@H]3CCCN3C)NC3=C2CCN(c2cc(O)cc4ccccc24)C3)CC1,0,0.5908850460165602
C=CC(=O)N1CCN(c2nc(OC[C@@H]3CCCN3C)nc3c2OCN(c2cc(O)cc4ccccc24)C3)CC1,0,0.5908850460165602
C=CC(=O)NCCN(C)c1nc(OC[C@@H]2CCCN2C)ncc1CCNC=CC(O)=CC=C1C=CC=CO1,0,0.5908850460165602
C=CC(=O)NC1CN(c2nc(OC[C@@H]3CCCN3C)nc3c2CCN(c2cc(O)cc4ccccc24)C3)CCO1,0,0.5908850460165602
C=CC(=O)NC1CCN(c2nc(OC[C@@H]3CCCN3C)ncc2CCN(C)[CH]c2cc(O)cc3ccccc23)C1,0,0.5908850460165602
C=CC(=O)NCCN(CC)c1nc2ncc1C(c1cc(O)cc3ccccc13)CCN1CCC[C@H]1CO2,0,0.5908850460165602
C=CC(=O)CCN(CC)c1nc(OC[C@@H]2CCCN2C)nc2c1CCN(c1cc(O)cc3ccccc13)C2,0,0.5908850460165602
C=CC(=O)N1CCN(c2nc(OC[CH]C3CCN3C)nc3c2CCN(c2cc(O)cc4ccccc24)C3)CC1,0,0.5908850460165602
O=C1C=C2CCN(C=NC=NC3=C2CCN(c2cc(O)cc4ccccc24)C3)CCN1,0,0.5908850460165602
C=CC(=O)NCCN(C)c1nc(OC[C@@H]2CCCN2C)ncc1CCNC1=CCOCc2ccccc21,0,0.5908850460165602
CN1CCC[C@H]1COC1=NCOC(N2CCC=CC(=O)NCC2)=N1,0,0.5908850460165602
C=CC(=O)NC1CCN(c2nc(OC[C@@H]3CCCN3C)ncc2CCN(C)C=C2C=CC=CCN=CC=C2O)C1,0,0.5908850460165602
C=CC(=O)NCCN(C)c1nc(OC[C@@H]2CCCN2C)ncc1CCN(C)c1cc(O)cc2ccccc12,0,0.5908850460165602
C=CC(=O)NCCN(CC)c1nc2nc3c1CC1C3=CC=CC=C(O)C=CN1CCN1CCC[C@H]1CO2,0,0.5908850460165602
C=CC(=O)N1CCN(C=NC2=NC3=C(CCN(c4cc(O)cc5ccccc45)C3)C3CCN(C)[C@@H]3CO2)CC1,0,0.5908850460165602
C=CC(=O)NC1CN(CC)C=NC(C=NC2=CCCN(c3cc(O)cc4ccccc34)C2)OC2[CH]CCC12,0,0.5908850460165602
C=CC(=O)N1CCC2c3[nH]n(c(=NCOC[C@@H]4CCCN4C)c3CCN2c2cc(O)cc3ccccc23)CC1,0,0.5908850460165602
CN1C=CC(O)=CC=C2C=C3CCN(CCNC3=O)c3nc(OC[C@@H]4CCCN4C)ncc3C(C2)C1,0,0.5908850460165602
C=CC(=O)N1CCN(c2nc(OC[C@@H]3CCCN3C)nc3c2CCN(C=CC(O)=Cc2ccccc2)C3)CC1,0,0.5908850460165602
C=CCCC=O,0,0.5908850460165602
C=CC(=O)NCCNc1nc(OC[C@@H]2CCCN2C)ncc1CCNC=CC(O)=C1C=CC=CC1,0,0.5908850460165602
C=CC(=O)N1CCN(c2nc(OC=C3CCCN3C)nc3c2CCN(c2cc(O)cc4ccccc24)C3)CC1,0,0.5908850460165602
C=CC(=O)N1CCN(C2=NC(OC[CH]CCCN=CN)C3=C2CCN(c2cc(O)cc4ccccc24)C3)CC1,0,0.5908850460165602
C=CC(=O)N1CCN(c2nc(OC[C@@H]3CCCN3C)nc3c2CCN(C2=CC(O)=CC4=CC=C=NC42)C3)CC1,0,0.5908850460165602
C=CC(=O)N1CCN(c2nc(OC[C@@H]3CCCN3C)nc3c2CCN(c2cc(O)nc4ccccc24)C3)CC1,0,0.5908850460165602
C=CC(=O)N1CCN(c2nc(OC[C@@H]3CCCN3P)nc3c2CCN(c2cc(O)cc4ccccc24)C3)CC1,0,0.5908850460165602
C=CC(=O)NCCN(CC)c1nc(OC[C@@H]2CCCN2C)ncc1CCN(C)CC(O)=Cc1ccccc1,0,0.5908850460165602
CPC(=O)N1CCN(c2nc(OC[C@@H]3CCCN3C)nc3c2CCN(c2cc(O)cc4ccccc24)C3)CC1,0,0.5908850460165602
CNCCc1cnc(OC[C@@H]2CCCN2C)nc1N1CCC=CC(=O)NCC1,0,0.5908850460165602
C=CC(=O)NC1CCN(C=NC2CCN(c3cc(O)cc4ccccc34)CC(=C)N=CN3CCC[C@H]3COO2)C1,0,0.5908850460165602
C=CC(=O)NCCN(C)c1nc(OC[C@@H]2CCCN2C)ncc1CCNc1cc(O)ccccccc1C,0,0.5908850460165602
C=CC(=O)NC1CCN(C[PH]2=NC(OC[C@@H]3CCCN3C)=NC3=C2CCN(c2cc(O)cc4ccccc24)C3)C1,0,0.5908850460165602
C=CC(=O)N1CCN2C3=NC(C=NC4=C3CCN(c3cc(O)cc5ccccc35)C4)OC[CH]CCCNC2C1,0,0.5908850460165602
C=CC(=O)N1CCPN(c2nc(OC[C@@H]3CCCN3C)ncc2CC=Nc2cc(O)cc3ccccc23)CC1,0,0.5908850460165602
C=C1CCN(c2nc(OC[C@@H]3CCCN3C)nc3c2CCN(c2cc(O)cc4ccccc24)C3)CC1,0,0.5908850460165602
C=C1CN(c2nc(OC[C@@H]3CCCN3C)ncc2CCN2C=CC(O)=C3C=C=CC=C32)CCNC1=O,0,0.5908850460165602
C=CC(=O)N1CCN(C2=NC(OC[C@@H]3CCCN3C)=NC3CN(c4cc(O)cc5ccccc45)CCP23)CC1,0,0.5908850460165602
C=CC(=O)NCCN(C=O)c1nc(OC[C@@H]2CCCN2C)nc2c1CCN(c1cc(O)cc3ccccc13)C2,0,0.5908850460165602
C=CC(=O)NC1CCN(c2nc(OC[C@@H]3CCCN3C)ncc2CCN(C)C=C2[CH]C(O)=Cc3ccccc32)C1,0,0.5908850460165602
C=CC(=O)N1CCN2c3nc(nc4c3CCN(c3cc(O)cc5ccccc35)C4)OC[CH]CCCN(C)C2C1,0,0.5908850460165602
C=CC(=O)NCC1CCN1c1nc(OC[C@@H]2CCCN2C)ncc1CCN(C[CH]P)c1cc(O)cc2ccccc12,0,0.5908850460165602
C=CC(=O)N1CCN(c2nc(OC[C@@H]3CCCN3C)nc3c2CCN(C2=CC(O)=C[PH]4=CC=CC=C24)C3)CC1,0,0.5908850460165602
C=CC(=O)C1CCN(c2nc(OC[C@@H]3CCCN3C)nc3c2CCN(c2cc(O)cc4ccccc24)C3)CC1,0,0.5908850460165602
CCC1C2=C(CCN1c1cc(O)cc3ccccc13)C1=CC(=O)NC13CCCN3C=N2,0,0.5908850460165602
C=CC(=O)NC1CCN(c2nc(OC[C@@H]3CCCN3C)ncc2CCN(C)C=C2C(O)=C=Nc3ccccc32)C1,0,0.5908850460165602
C=CC(=O)NC1CCN(c2nc(OC[C@@H]3CCCN3C)ncc2CCN(OC)c2cc(O)cc3ccccc23)C1,0,0.5908850460165602
C=CC(=O)NCCN(CC)c1nc2ncc1CC1C3=CC=CC4=C(C=CN1CCN1C4CC[C@H]1CO2)O3,0,0.5908850460165602
C=C=NC(=O)N1CCN(c2nc(OC[C@@H]3CCCN3C)nc3c2CCN(c2cc(O)cc4ccccc24)C3)CC1,0,0.5908850460165602
C=CC(=O)NCC1CCN1c1nc(OC[C@@H]2CCCN2C)ncc1C1CN(C=CC#CCOCc2ccccc2)C1,0,0.5908850460165602
CN=CC(=O)N1CCN(c2nc(OC[C@@H]3CCCN3C)nc3c2CCN(c2cc(O)cc4ccccc24)C3)CC1,0,0.5908850460165602
C=CC(=O)N1CCN(c2nc(OC[C@@H]3CCCN3C)nc3c2CCN(C2=CCOCc4ccccc42)C3)CC1,0,0.5908850460165602
C=CC(=O)NCCN(CC)c1nc(OC[C@@H]2CCCN2C)ncc1CCN(C)C=CC=Cc1ccccc1,0,0.5908850460165602
C=CC(=O)N1CCN(c2nc(OC[C@@H]3CCCC3C)nc3c2CCN(c2cc(O)cc4ccccc24)C3)CC1,0,0.5908850460165602
CN1CCC[C@H]1COc1nc2c(c(N3CCC4(C=C4)CC3)n1)CCN(c1cc(O)cc3ccccc13)C2,0,0.5908850460165602
C=CC(=O)NC1CCC2C3=C(CCN2c2cc(O)cc4ccccc24)C(=N)CN(C1)C(OC[C@@H]1CCCN1C)=N3,0,0.5908850460165602
CCC1c2nc(OC[C@@H]3CCCN3C)nc(N3C=CC(=O)NCC3)c2CCN1c1cc(O)cc2ccccc12,0,0.5908850460165602
C=CC=CC=O,0,0.5908850460165602
C=CC(=O)NCC=Nc1nc(OC[C@@H]2CCCN2C)ncc1CC1NC=CC2=CC=CC=C1O2,0,0.5908850460165602
C=C1CCN2C=NC(OC[CH]C=O)=NC3=C(CCN(c4cc(O)cc5ccccc45)C3)C(C2)NC1=O,0,0.5908850460165602
C=CC(=O)N1CCN(c2nc(OC[C@@H]3CCCN3C)nc3c2CCN(c2c#ccccccc(O)c2)C3)CC1,0,0.5908850460165602
C=CC(=O)NCC1C2=C(CN(c3cc(O)cc4ccccc34)CC2)N=C(OC[C@@H](C)NC)N=CN1CC,0,0.5908850460165602
C=CC(=O)NCC(CC)c1nc(OC[C@@H]2CCCN2C)nc2c1CCN(c1cc(O)cc3ccccc13)C2,0,0.5908850460165602
C=CC(=O)NC1CCN(c2nc(OC[C@@H]3CCCN3C)ncc2CCN(C)C=C2N=C=CC=CC=CC=C2O)C1,0,0.5908850460165602
C=CC(=O)NCCN(CC)c1nc(OC[C@@H]2CCCN2C)ncc1CCN(C)C=CC(O)=C1C=CC=CC1,0,0.5908850460165602
C=CON1CCN(c2nc(OC[C@@H]3CCCN3C)nc3c2CCN(c2cc(O)cc4ccccc24)C3)CC1,0,0.5908850460165602
C=CC(=O)N1CCN(c2nc(OC[C@@H]3CCCN3C)nc3c2CCN(c2cc(O)cccc4ccc2-4)C3)CC1,0,0.5908850460165602
C=CC=C(O)N1CCN(c2nc(OC[C@@H]3CCCN3C)nc3c2CCN(c2cc(O)cc4ccccc24)C3)CC1,0,0.5908850460165602
C=CC(=O)N1CCN(C2NC(OC[C@@H]3CCCN3C)=NC3=C2CCN(c2cc(O)cc4ccccc24)C3)CC1,0,0.5908850460165602
C=CC(=O)N1CCN(c2nc(OC[C@@H]3CCCN3C)nc3c2CCN(OCC(O)=Cc2ccccc2)C3)CC1,0,0.5908850460165602
C=CC(=O)NCC1CCN1C=NC(=NC=CC=CCCN(C)c1cc(O)cc2ccccc12)OC[C@@H]1CCCN1C,0,0.5908850460165602
CN1CCNC(=O)C=CCN(c2cc(O)cc3ccccc23)CCc2cnc(OC[C@@H]3CCCN3C)nc21,0,0.5908850460165602
C=CC(=O)NCCN(C)NC(=NC1=CCCN(c2cc(O)cc3ccccc23)C1C)OC[C@@H]1CCCN1C,0,0.5908850460165602
C=CC(=O)NC1CCN(c2nc(OC[C@@H]3CCCN3C)nc3c2CCN(c2cc(O)cc4ccccc24)C3)CC1,0,0.5908850460165602
C=CC(=O)N1CCN(c2nc(OC[C@@H]3CCCN3C)nc3c2CCN(c2cc(O)cc4cccpc24)C3)CC1,0,0.5908850460165602
C=CC(=O)NC1CCN(c2nc(OC[C@@H]3CCCN3C)ncc2CCN(C)C=C2C=CC=CC=CCC=C2O)C1,0,0.5908850460165602
C=CC(=O)N1CCN(c2nc(PC[C@@H]3CCCN3C)nc3c2CCN(c2cc(O)cc4ccccc24)C3)CC1,0,0.5908850460165602
CN1CCC[C@H]1COc1ncc(C=O)c(N2CCC=CC(=O)NCC2)n1,0,0.5908850460165602
C=CC(=O)N1CCN(C2=NC(OC[C@@H]3CCCN3C)=NOC2CCN(C)c2cc(O)cc3ccccc23)CC1,0,0.5908850460165602
C=CC(=O)NCC1CCN1c1nc(OC[C@@H]2CCCN2C)ncc1C1CN(C=CC2PCOCc3ccccc32)C1,0,0.5908850460165602
C=CC(=O)NCCNc1nc(OC[C@@H]2CCCN2C)ncc1CCN1C=COCc2ccccc21,0,0.5908850460165602
C=C1C=CN(c2nc(OC[C@@H]3CCCN3C)nc3c2CCN(c2cc(O)cc4ccccc24)C3)CCNC1=O,0,0.5908850460165602
CN(CCc1cnc(OC[C@@H]2CCCN2C)nc1CN1C=CC(=O)NCC1)c1cc(O)cc2ccccc12,0,0.5908850460165602
C=CC(=O)NCCN(CC)c1nc(OC[C@@H]2CCCN2C)ncc1CCNC1=CCOCc2ccccc21,0,0.5908850460165602
CN1CCC[C@H]1C1CN(C=C=O)CCc2cnc(nc2N2CCC=CC(=O)NCC2)O1,0,0.5908850460165602
C=CC(=O)N1CCN(c2nc(OC[C@@H]3CCCN3C)nc3c2CC2c4ccccccc(O)cc4N2C3)CC1,0,0.5908850460165602
C=C1CCN2C=NC(OCCNC)=NC3=C(CCN(c4cc(O)cc5ccccc45)C3)C(C2)NC1=O,0,0.5908850460165602
C=CC(=O)N1CCN(C2=NC3CN(c4cc(O)cc5ccccc45)CC(=C2C)N=CN2CCC[C@H]2CO3)CC1,0,0.5908850460165602
C=CC(=O)N1CCN(c2nc(OC[C@@H]3CCCN3C)ncc2C2CN(c3cc(O)cc4ccccc34)C2)CC1,0,0.5908850460165602
C=CC(=O)NCCN(CC)c1nc(OC[C@@H]2CCCN2C)ncc1CCN(C)C=CCCc1ccccc1,0,0.5908850460165602
C1=CC2=COC=CC(C=C1)c1ncc3c(N4CC5CCC(C4)N5)nc(OCC4CCCC4)nc3c1C2,123,0.5124378952410611
CN(C)Cc1[nH]c2c(c1[C@H]1NC(=O)c3ccc(O)cc31)=COCC=2,1,0.7557397651659714
CN(C)Cc1[nH]c2ccccc2c1[C@@H]1C#CC(O)=CC=CC(=O)N1,1,0.7557397651659714
CN(C)C1=C([C@H]2NC(=O)c3ccc(O)cc32)C=CC=CCNC1,1,0.7557397651659714
CN(C)Cc1[nH]c2ccccc2c1[C@@H]1C=CC(O)=CC=NC(=O)N1,1,0.7557397651659714
CN(C)CC1=C([C@H]2NC(=O)c3ccc(O)cc32)C2OC=CC=C2N1,1,0.7557397651659714
CC1Oc2ccc(O)cc2N1[CH]c1c(CN(C)C)[nH]c2ccccc12,1,0.7557397651659714
CN([NH])Cc1[nH]c2ccccc2c1[C@H]1NC(=O)c2ccc(O)cc21,1,0.7557397651659714
CN(C)C1=C([C@H]2NC(=O)c3ccc(O)cc32)C=C=CC=CNC1,1,0.7557397651659714
C=C(C)Cc1[nH]c2ccccc2c1[C@H]1NC(=O)c2ccc(O)cc21,1,0.7557397651659714
C=COCC=CC(=O)N[CH]c1c(CN(C)C)[nH]c2ccccc12,1,0.7557397651659714
CN1C=C([C@H]2NC(=O)c3ccc(O)cc32)C2=CC=CNC2C1,1,0.7557397651659714
CN(C)CC1=C([C@H]2NC(=O)c3ccc(O)cc32)C2=CC=CCC2N1,1,0.7557397651659714
C=COCc1cccc(=O)n1[CH]c1c(CN(C)C)[nH]c2ccccc12,1,0.7557397651659714
CN(C)Cc1[nH]c2ccccc2c1[CH]NC1CC=CC(O)=CC1,1,0.7557397651659714
CN(C)c1[nH]c2ccccc2c1[C@H]1NC(=O)c2ccc(O)cc21,1,0.7557397651659714
CN(N)Cc1[nH]c2ccccc2c1[C@H]1NC(=O)c2ccc(O)cc21,1,0.7557397651659714
CN(C)CC1Nc2ccccc2O1,1,0.7557397651659714
CN(C)Cc1[nH]c2ccccc2c1C=CC(=O)c1ccc(O)cc1,1,0.7557397651659714
CN(C)Cc1[nH]c2ccccc2c1[CH]NNC=O,1,0.7557397651659714
CN(C)Cc1[nH]c2ccccc2c1[CH]N1C(=O)C=C2COCOC=C21,1,0.7557397651659714
CN(C)Cc1[nH]c2cc3ccc2c1[CH]NC(=O)C=C3,1,0.7557397651659714
CN(C)Cc1[nH]c2cccc3c2c1[CH]N(C=O)C(O)C=C3,1,0.7557397651659714
C=CC(O)CC(=O)N[CH]c1c(CN(C)C)[nH]c2ccccc12,1,0.7557397651659714
C=CC=CC=CC(=O)N[CH]c1c(CN(C)C)[nH]c2ccccc12,1,0.7557397651659714
CN(C)Cc1[nH]c2ccccc2c1[C@H]1NC(=O)C2=CC=COC=C21,1,0.7557397651659714
C=Nc1[nH]c2ccccc2c1[C@H]1NC(=O)c2ccc(O)cc21,1,0.7557397651659714
C=CC(O)C=CC(=O)N[CH]c1c(CN(C)C)[nH]c2ccccc12,1,0.7557397651659714
CN(O)Cc1[nH]c2ccccc2c1[C@H]1NC(=O)c2ccc(O)cc21,1,0.7557397651659714
CN(C)C1CNc2ccccc21,1,0.7557397651659714
CN(C)NCc1[nH]c2ccccc2c1[C@H]1NC(=O)c2ccc(O)cc21,1,0.7557397651659714
CNCCCc1[nH]c2ccccc2c1[C@H]1NC(=O)c2ccc(O)cc21,1,0.7557397651659714
CN(C)Cc1oc2ccccc2c1[C@H]1NC(=O)c2ccc(O)cc21,1,0.7557397651659714
CN1C=C([C@H]2NC(=O)c3ccc(O)cc32)c2ccccc2NCC1,1,0.7557397651659714
CN1CCNC=CC=CC([C@H]2NC(=O)c3ccc(O)cc32)C1,1,0.7557397651659714
CN(C)Cc1[nH]c2ccccc2c1[C@H]1NC(=O)C=CC=C2C=C1O2,1,0.7557397651659714
CN(C)Cc1[nH]c2ccccc2c1[CH]NC(=O)c1c#cc(O)cc1,1,0.7557397651659714
CN(C)Cc1[nH]c2ccccc2c1C=O,1,0.7557397651659714
CNCCc1[nH]c2ccccc2c1[C@H]1NC(=O)c2ccc(O)cc21,1,0.7557397651659714
CN(C)CCNC=C=O,1,0.7557397651659714
CC1CN(c2ccccc2)CCN1C(=O)c1cnc(-c2ccccn2)nc(O)csc1,32,0.6249620044663522
CCCN(CC=NC(=O)c1csc2c(O)nc(-c3ccccn3)nc12)c1ccccc1,32,0.6249620044663522
CC1CN(c2ccccc2)CCN1C(=O)C=C[SH]1C=NC(c2ccccn2)C(O)=C1,32,0.6249620044663522
CC1CN(c2ccccc2)CCN1CC(=O)c1csc2c(O)nc(-c3ccccn3)nc12,32,0.6249620044663522
CC1CN(c2ccccc2)CCN1C(=O)c1csc2c(O)nc(-c3ccccn3)cc12,32,0.6249620044663522
CC1CN(c2ccccc2)CCN1C(=O)C=CS1=C(O)N=C(c2ccccn2)N=C1,32,0.6249620044663522
NCC1CN(c2ccccc2)CCN1C(=O)c1csc2c(O)nc(-c3ccccn3)nc12,32,0.6249620044663522
C[SH]1CN(c2ccccc2)CCN1C(=O)c1csc2c(O)nc(-c3ccccn3)nc12,32,0.6249620044663522
CC1CN(c2ccccc2)CCN1C(=O)c1csc2c(O)nc(C3=C=C=CC=N3)nc12,32,0.6249620044663522
CC1CN(c2ccccc2)CCN1C(=O)C1CSc2c(O)nc(-c3ccccn3)nc21,32,0.6249620044663522
CC1CN(c2ccccc2)CCN1C=O,32,0.6249620044663522
O=C(c1csc2c(O)nc(-c3ccccn3)nc12)N1CCN(c2ccccc2)CC1,32,0.6249620044663522
CC1CN(c2ccccc2)CCN1COC=O,32,0.6249620044663522
Cc1cccc2cccc(-c3ncc4c(N5C[C@@H]6CO[C@H](C5)N6)nc(OCC56CCCN5CCC6)nc4c3F)c12,12,0.4982480309768895
CNC1CN(c2nc(N3CC4CCC(C3)N4)c3cnc(-c4cc(O)cc5ccccc45)c(F)c3n2)C1,7,0.5540252819269074
Cn1ccnc1CC1N=c2c(F)c(-c3cc(O)cc4ccccc34)ncc2=C(NC[CH]C2CO2)N=CO1,8,0.4747042976497913
Cn1ccnc1CC1N=c2c(F)c(-c3cc(O)cc4ccccc34)ncc2=C(NC[CH]C2C=N2)N=CO1,8,0.4747042976497913
Oc1cc(-c2ncc3c(N4C[C@H]5CC[C@@H](C4)N5)nc(OCCC4=CN4)nc3c2F)c2ccccc2c1,8,0.4747042976497913
FC1=C2C=CC3=CC=CC=CC(=N2)C=C(N2C[C@H]4CC[C@@H](C2)N4)N=COCC(N=C1)c1nccn1C3,8,0.4747042976497913
Cn1ccnc1CCOC=NC1=c2cnc(-c3cc(O)cc4ccccc34)c(F)c2=NC2C[C@H]3CN1C[C@@H]2N3,8,0.4747042976497913
Cn1ccnc1CCOC1=NC(N2C[C@H]3CC[C@@H](C2)N3)=C2C=NC(c3cc(O)cc4ccccc34)=C(F)N2N1,8,0.4747042976497913
Cn1ccnc1CCOC=NC(=CC=NCC=CC(O)=C1C=CC=CC1)N1C[C@H]2CC[C@@H](C1)N2,8,0.4747042976497913
Cn1ccnc1CCOc1nc(N2C[C@H]3CC[C@@H](C2)N3)c2cnc(-c3cc(O)cc4c3=COCC=4)c(F)c2n1,8,0.4747042976497913
Cn1ccnc1CCOC=NC1(C2C=NC(c3cc(O)cc4ccccc34)=C(F)C2=N)C[CH]CC[C@H](N)C1,8,0.4747042976497913
Cn1ncnc1CCOc1nc(N2C[C@H]3CC[C@@H](C2)N3)c2cnc(-c3cc(O)cc4ccccc34)c(F)c2n1,8,0.4747042976497913
Oc1cc(-c2ncc3c(N4C[C@H]5CC[C@@H](C4)N5)nc(OCCC4=C=CNC4)nc3c2F)c2ccccc2c1,8,0.4747042976497913
[CH]c1cc(-c2ncc3c(N4C[C@H]5CC[C@@H](C4)N5)nc(OCCc4nccn4C)nc3c2F)c2ccccc2c1,8,0.4747042976497913
N[C@H]1CC[CH]CN(C2=CC(=NC(=CF)c3cccc4cccc(F)c34)C=NC2OCC23CCCN2CCC3)C1,11,0.5022140297202404
CNCCC[C@@H]1CCOCN=c2c(F)c(-c3cc(O)cc4ccccc34)ncc2=C(N2CC3CCC(C2)N3)N1,263,0.502912998481819
C1=CC=C2NCC2=C(C=NC=C2ON=C(OCC34CCCN3CCC4)N=C2N2CC3CCC(C2)N3)C=C1,256,0.5325539157708552
CNC=Cc1cccc(-c2ncc3c(N4CC5CCC(C4)N5)nc(OCC45CCCN4CCC5)nc3c2F)c1,256,0.5325539157708552
CNC=CC=CC=CC(F)c1cc2nc(OCC34CCCN3CCC4)nc(N3CC4CCC(C3)N4)c2cn1,256,0.5325539157708552
Cn1ccc2cccc(-c3ncc4c(N5CC6CCC(C6)C5)nc(OCC56CCCN5CCC6)nc4c3F)c21,256,0.5325539157708552
FC1=C2N=C(OCC34CCCN3CCC4)N=C=C=CN=CC3=C=CN1C=CC2=CC=C3,256,0.5325539157708552
Cn1ccc2cccc(-c3ncc4c5nc(nc4c3F)OCC3CCCN3CCCC34CCC(CN5C3)N4)c21,256,0.5325539157708552
CC1(C)CC1CCOc1ncc(F)c2ccccc3c(c-2cnccc(N2CC4CCC(C2)N4)n1)CN3,256,0.5325539157708552
C=CN=C(N=C(C=CN=CC(F)C=CC=CC=CNC)NN1CC2CCC(C1)N2)OCC12CCCN1CCC2,256,0.5325539157708552
CNC=CC=CC=CC(F)c1ncc2c(N3CC4CCC(C3)N4)nc(OCC34CCCN3CCC4)nc2c1C,256,0.5325539157708552
Cn1ccc2cccc(C=NC=c3c4nc(OCC56CCCN5CCC6)nc3=C(F)C35CCC(CN4C3)N5)c21,256,0.5325539157708552
CN1CC(COc2nc(N3CC4CCC(C3)N4)c3cnc(-c4cccc5ccn(C)c45)c(F)c3n2)CCCN1,256,0.5325539157708552
C=C1N2CCCC13C1=NC4=CN(C)C=CC4=CC=CC(F)C=NC=CC2CN3CC1,256,0.5325539157708552
Cn1ccc2cccc(-c3ncc4c(c3F)N=C(OCC35CCCN3CCC5)OC4N3CC4CCC(C3)N4)c21,256,0.5325539157708552
Cn1ccc2cccc(-c3ncc4c(N5CC6COC(C5)N6)nc(OCC56CCCN5CCC6)nc4c3F)c21,256,0.5325539157708552
NC1=c2nc(OCC34CCCN3CCC4)nc(N3CC4CCC(C3)N4)c2=CN=CC(F)C=CC=CC=CNC1,256,0.5325539157708552
Fc1c2cc(c3c1=CC=CC=C1NCC=31)C(N1CC3CCC(C1)N3)=NC(OCC13CCCN1CCC3)=N2,256,0.5325539157708552
NC1CCCCC2(C=C3N=CC4(C=CC=CC=CNC4)C(F)=C3N=C(OCC34CCCN3CCC4)N2)C1,256,0.5325539157708552
Cn1ccc2cccc(C3=NC=c4c(nc(OCC56CCCN5CCC6)nc4=CF)NCC4CCC(C3)N4)c21,256,0.5325539157708552
Fc1c(-c2cccc3c2C2NC32)ncc2c(N3CC4CCC(C3)N4)nc(OCC34CCCN3CCC4)nc12,256,0.5325539157708552
Fc1c(C2=C3C4C(C=C2)N34)ncc2c(N3CC4CCC(C3)N4)nc(OCC34CCCN3CCC4)nc12,256,0.5325539157708552
CNC=CC=CC=CC1C=NC2=CC(N3CC4CCC(C3)N4)=NCOCC3CCCN3CCCC2=C1F,256,0.5325539157708552
Cn1ccc2cccc(-c3nc4c5c(nc(OCC67CCCN6CCC7)nc5c3F)N3CCCCC(C3)N4)c21,256,0.5325539157708552
CNC=CC=CF,256,0.5325539157708552
Cn1ncc2cccc(-c3ncc4c(N5CC6CCC(C5)N6)nc(OCC56CCCN5CCC6)nc4c3F)c21,256,0.5325539157708552
Cn1cccc2ccc(-c3ncc4c(N5CC6CCC(C5)N6)nc(OCC56CCCN5CCC6)nc4c3F)c1-2,256,0.5325539157708552
Cn1ccc2cccc(-c3ncc4c(N5CC6CCC(C5)N6)nc(OCC56CCCN5COC6)nc4c3F)c21,256,0.5325539157708552
Fc1c(-c2ccc3c4c2C3N4)ncc2c(N3CC4CCC(C3)N4)nc(OCC34CCCN3CCC4)nc12,256,0.5325539157708552
CNC1=CC=C2C=CC(C=NC=c3c(N4CC5CCC(C4)N5)nc(OCC45CCCN4CCC5)nc3=CCF)=C21,256,0.5325539157708552
Cn1ccc2ccc3c(c21)-c1ncc2c(nc(OCC45CCCN4CCC5)nc2c1F)N1CCCCC(C1)N3,256,0.5325539157708552
Cn1ccc2cccc(-c3ncc4c(c3F)N=C4N3CCCCC(NNCOCC45CCCN4CCC5)C3)c21,256,0.5325539157708552
CN1C=CC2=CC=CC(F)C=NC=CC3CN4CCC(=NC2=C1)C41C2CCN3C1C2,256,0.5325539157708552
CN1CCC[C@H]1COC1=NC(=CF)C(N=CC2=C3CCCC3C=CC=C2)=CC(NC2CC3CC3N2)=N1,231,0.6465948914099093
CN(C)CCOc1nc(N2C[C@H]3CC[C@@H](C2)N3)c2cnc(-c3cc(O)cc4ccccc34)c(F)c2n1,16,0.5409039984070652
CNCCOc1nc(N2C[C@H]3CC[C@@H](C2)N3)c2cnc(-c3cc(O)cc4ccccc34)c(F)c2n1,16,0.5409039984070652
CN(C)CCOC1CC(N2C[C@H]3CC[C@@H](C2)N3)=c2cnc(-c3cc(O)cc4ccccc34)c(F)c2=N1,16,0.5409039984070652
CN(C)C1COc2nc(c3cnc(-c4cc(O)cc5ccccc45)c(F)c3n2)N2C[CH]CC[C@@H](C2)N1,16,0.5409039984070652
CN(C)CCOc1nc(N2CC3CC[C@@H](C2)N3)c2cnc(-c3cc(O)cc4ccccc34)c(F)c2n1,16,0.5409039984070652
CN(C)CCOCC(=C1C=NC(c2cc(O)cc3ccccc23)=C(F)C1=N)N1C[C@H]2CC[C@@H](C1)N2,16,0.5409039984070652
CN(C)CCOc1nc(N2C[C@@H]3CC[C@@H](N3)O2)c2cnc(-c3cc(O)cc4ccccc34)c(F)c2n1,16,0.5409039984070652
CN(C)CC1N=C2C(F)=C(c3cc(O)cc4ccccc34)N=CC2C(N2C[C@H]3CC[C@@H](C2)N3)O1,16,0.5409039984070652
CN(C)C1COC=NC2(C=NC(c3cc(O)cc4ccccc34)=C(F)C=N1)[C@@H]1CC[CH]CN12,16,0.5409039984070652
CN(C)CCOC=NC(=CC1=NC(C=C2c3ccccc3COC2N)=C(F)C1=N)N1C[C@H]2CC[C@@H](C1)N2,16,0.5409039984070652
CN(C)CCOC1=NC(N2C[C@H]3CC[C@@H](C2)N3)=C=C=NC(c2cc(O)cc3ccccc23)=C(F)C=N1,16,0.5409039984070652
CN(C)CC12N=C3C(F)=C(c4cc(O)cc5ccccc45)N=CC(N=CO1)N1C[CH]CC[C@@H]1C32,16,0.5409039984070652
CN(C)CCOC=NC(=CC=NC(=CF)c1cc(O)cc2ccccc12)N1C[C@H]2CC[C@@H](C1)N2,16,0.5409039984070652
CN(C)CCOC=NC(=CC=NC(OCF)c1cc(O)cc2ccccc12)N1C[C@H]2CC[C@@H](C1)N2,16,0.5409039984070652
CN(C)CCOC=NC(=CC1=NC(C2=CC(O)=CC=C3C=CC=C2C3)=C(F)C1=N)N1C[C@H]2CC[C@@H](C1)N2,16,0.5409039984070652
CN(C)CCOc1nc(N2C[C@H]3CC[C@@H](C2)N3)c2cnc(-c3cc(O)cc4c3=C[CH]CC=4)c(F)c2n1,16,0.5409039984070652
COC=CC=C1C=C1C1CN(C(=O)c2csc3c(O)nc(-c4ccccn4)nc23)CCN1,35,0.5961977843518145
COC1=CC=CCCCN(C(=O)c2csc3c(O)nc(-c4ccccn4)nc23)CCNC1,35,0.5961977843518145
C=NC(=NOCC1=CC(=O)N2CCNC3=CC=COC1C=C3CC2)c1ccccn1,35,0.5961977843518145
COc1cccc(C2CN(C(=O)c3csc4c(O)nc(-c5ccccn5)nc34)CCN2)c1,35,0.5961977843518145
CC=C=CSCN=C(N=CNC(=O)COCC=CC=CC#N)c1ccccn1,36,0.6220878069663125
CCCc1ccccc1C=NC=CC12CCC3CN(CCN3NC(OCC34CCCN3CCC4)=NC1=CF)C2,257,0.5895963377758084
C=C1CCC(CNc2nc(OCC34CCCN3CCC4)nc3c(F)c(-c4ccccc4CCC)ncc23)N1,257,0.5895963377758084
CCCc1ccccc1C=NC=C1CN=C(OCC23CCCN2CCC3)N=C1N1CC2CCC(C1)N2,257,0.5895963377758084
FC1=c2nc(OCC34CCCN3CCC4)nc(N3CC4CCC(C3)N4)c2=CN=Cc2ccccc2CCC1,257,0.5895963377758084
FC1=C2N=CN=C(N3CC4CCC(C3)N4)C=CN=Cc3ccccc3C2CC1,257,0.5895963377758084
CC1(C)CCCOC2=Nc3c(F)c4ccc(c(c4)c3=NC=CC(N3CC4CCC(C3)N4)=N2)CCC1,257,0.5895963377758084
CCCc1ccccc1C=NCF,257,0.5895963377758084
CCCc1ccccc1-c1ncc2c(c1F)N=C1CCN3CCCC(N=C2N2CC4CCC(C2)N4)OCC13,257,0.5895963377758084
CCC=Cc1ccc2c(c1)NC(F)(COC[C@@H]1CCCN1C)C=CN=CC(F)C=C2O,20,0.49105028185153077
CN1CCC[C@H]1COc1nc(N2C[C@H]3CC[C@@H](C2)N3)c2cnc(C3=C=NCCC=CC=CC=CC(O)=C3)c(F)c2n1,20,0.49105028185153077
C=CN=C(N=C(C=CN=CC(F)C=C(O)C=CC=CC=CCC)NC1C[C@H]2CC[C@@H](C1)N2)OC[C@@H]1CCCN1C,20,0.49105028185153077
O=CN[CH]Nc1c(CNCc2ccc3ccn(Cc4ccccc4)c3c2)[nH]c2ccccc12,2,0.36944530936690284
O=CN1c2ccc(O)cc2[C@H]1C=C(CNCC=c1ccc2c(c1)N(CC=C1C=CC=CN1)C=2)Nc1ccccc1,2,0.36944530936690284
O=CN[C@H](C=C1Nc2ccccc2C1NCC=CC1=CC=CN(Cc2ccccc2)CNN=C1)c1cccc(O)c1,2,0.36944530936690284
O=C1N[C@H](c2c(CNCc3ccc4ccn(Cc5ccccc5)c4c3)[nH]c3c2=CCNC=3)c2cc(O)ccc21,2,0.36944530936690284
O=C1N[C@H](c2c(CNCC3=CC=C4C=CN(Cc5ccccc5)S4=C3)[nH]c3ccccc23)c2cc(O)ccc21,2,0.36944530936690284
O=CN[C@H](C=C(CNC1C=C=C(C=CNCc2ccccc2)C=C1)Nc1ccccc1)c1cccc(O)c1,2,0.36944530936690284
O=CN1c2ccc(O)cc2[C@H]1C=C(CNCC=CC=c1ccn2c1=Cc1cccc(c1)C2)SNc1ccccc1,2,0.36944530936690284
O=CN1c2ccc(O)cc2[C@H]1C=C(CNCc1ccc2ccn(Cc3ccccc3)c2c1)NNc1ccccc1,2,0.36944530936690284
OCC1N=C2C3C4CCC(CN3C(=CC=NC2(F)C=C(O)Cc2ccccc2)N=CO1)N4,116,0.533488006407643
Cn1ccnc1CCOC=NC(=CC1=NC(C=C2CN(O)Cc3ccccc32)=C(F)C1=N)N1CC2CCC(C1)N2,48,0.4747042976497913
Cn1ccnc1CCOc1nc(N2CC3CCC(C2)N3)c2cnc(-c3cc(F)cc4ccccc34)c(F)c2n1,48,0.4747042976497913
Cn1ccnc1CCOC=NC(=CC=NC(C=CC1=CCOCc2ccccc21)=C(F)C=N)N1CC2CCC(C1)N2,48,0.4747042976497913
Cn1ccnc1CCOC=NC(=CC1=NC(C=C2C(O)=C=Cc3ccccc32)=C(F)C1=N)N1CC2CCC(C1)N2,48,0.4747042976497913
Cn1ccnc1CCOc1nc(N2CC3CCC(C2)N3)c2cnc(-c3cc(O)cc4ccncc34)c(F)c2n1,48,0.4747042976497913
C1=NCn2ccnc2CCOC=NC(N2CC3CCC(C2)N3)=C1,48,0.4747042976497913
C=NC(=NC(=CC=NC(=CC)c1cc(O)cc2ccccc12)NCCC1CC(CO)N1)OC[C@@H]1CCCN1C,243,0.5293750249267739
CN(C)c1nc2c(c(N3CC4CCC(C3)N4)n1)ONC(c1cc(O)cc3ccccc13)=C2F,239,0.5991900719533763
C=C(N=CC=O)c1nc(O)c2c(Cl)csc2n1,37,0.8009873065672737
OCc1ccnc(-c2nc(O)c3c(Cl)csc3n2)c1,37,0.8009873065672737
N=PC1SC=C(Cl)C1=C(O)N=CC1=CC(=CCO)C=N1,37,0.8009873065672737
Cn1cnc(Cn2ccc3ccc(CNCC45NC=CC=CC=C4C5[C@H]4NC(=O)c5ccc(O)cc54)cc32)c1,3,0.39717530015858915
Cn1cnc(Cn2ccc3ccc(CNCc4[nH]c5ccccc5c4[C@H]4NC(=O)c5ccc(O)cc54)cc32)c1,3,0.39717530015858915
Cn1cnc(Cn2ccnccc(CNCc3[nH]c4ccccc4c3[C@H]3NC(=O)c4ccc(O)cc43)cc2)c1,3,0.39717530015858915
CCC(COc1nc(N2CC3CCC(C2)N3)c2cc(F)c(-c3cc(O)cc4ccccc34)c(F)c2n1)CN(C)C,4,0.4680169749016315
CN(C)CCCOC=NC(=CC=C(F)Cc1cc(O)cc2ccccc12)N1CC2CCC(C1)N2,4,0.4680169749016315
O=C(C=C[SH]1C=NC(c2ccccn2)C(O)=C1)N1CCNC(c2ccc(O)cc2)C1,40,0.5643361970335375
O=C(c1csc2c(O)nc(-c3ccccn3)nc12)N1CCNC2c3ccc(O)cc3C21,40,0.5643361970335375
Oc1cccc2cccc(-c3ncc4c(N5CC6CCC(C5)N6)nc(OCC56CCCN5CCC6)nc4c3F)c12,49,0.503099667316813
O=C1N[C@H](C2=C(c3cccccn(CC4=CCNC=N4)cc3)N=C=CC=CC=C2)c2cc(O)ccc21,3,0.39717530015858915
CC1CN(c2ccccc2)CCN1C(=O)C=C[SH]1C=NC(C=CC=CN)=NC(O)=C1,32,0.6249620044663522
O=C(c1csc2c(O)nc(-c3ccccn3)nc12)N1CCCN(c2ccccc2)C1,32,0.6249620044663522
CC1CN(c2ccccc2)CCN1C1CSc2c(O)nc(-c3ccccn3)nc2C1,32,0.6249620044663522
CC1CN(c2ccccc2)CCN1C(=O)C=C[SH]1C=COCON=C(c2ccccn2)N=C1,32,0.6249620044663522
CC1CN(c2ccccc2)CCN1C(=O)c1csc2c(O)nc(C3=CCSC=N3)nc12,32,0.6249620044663522
CC1CN(c2ccccc2)CCN1C(=O)c1cscc(O)nc(-c2ccccn2)nc1O,32,0.6249620044663522
C=NOCC(SC=CC(=O)N1CCN(c2ccccc2)CC1C)c1ccccn1,32,0.6249620044663522
CC1CN(c2ccccc2)CCN1C=CC=O,32,0.6249620044663522
CC1CN(c2ccccc2)NCN1C(=O)c1csc2c(O)nc(-c3ccccn3)nc12,32,0.6249620044663522
CCCN(CCNONC(=O)c1csc2c(O)nc(-c3ccccn3)nc12)c1ccccc1,32,0.6249620044663522
CC1CN(c2ccccc2)CCN1C(=O)c1csc2c1=NC(c1ccccn1)=NOC=2,32,0.6249620044663522
CC1CC(c2ccccc2)CCN1C(=O)c1csc2c(O)nc(-c3ccccn3)nc12,32,0.6249620044663522
O=C(c1csc2c(O)nc(-c3ccccn3)nc12)N1CCCN(c2ccccc2)CC1,32,0.6249620044663522
CC1CN(C2C=CC=CO2)CCN1C(=O)c1csc2c(O)nc(-c3ccccn3)nc12,32,0.6249620044663522
CC1CN(c2ccccc2)CCN1C1(C)Sc2c(O)nc(-c3ccccn3)nc21,32,0.6249620044663522
O=C1C(c2cnc(-c3ccccn3)nc2O)CC2CN(c3ccccc3)CCN12,32,0.6249620044663522
N=C(N)NCCOC=NC1=c2cnc(-c3cccc4cccc(Cl)c34)c(F)c2=NC2C3CCC(CN12)N3,232,0.33841172728731006
CC1C=C=Cc2cc(O)cc(-c3ncc4c(N5C[C@H]6CC[C@@H](C5)N6)nc(OC[C@@H]5CCCN5C)nc4c3F)c21,20,0.49105028185153077
N=CN1CCCC1OC1N=C(N2C[C@H]3CC[C@@H](C2)N3)C=C2N=CC3(C=C(O)C=CC=CC=CCC3)C(F)=C21,20,0.49105028185153077
CCc1cccc2cc(O)cc(-c3ncc4c(N5C[C@H]6CC[C@@H](C5)N6)nc(OC[C@@H]5CCCN5C)nc4c3F)c12,20,0.49105028185153077
O=C(Nc1nnc(-c2ccccn2)[nH]1)C1CC=NC=C=CO1,22,0.7905006178624121
Cn1ccnc1CCOc1nc(N2C[C@H]3CC[C@@H](C2)N3)c2cnc(-c3cc(O)cc4ccccc34)c(N)c2n1,8,0.4747042976497913
Cn1ccnc1CCOC=NC(=C1C=NC(c2cc(O)cc3ccccc23)=C(F)C1=N)N1C[CH]CC[CH]C1,8,0.4747042976497913
Cn1ccnc1CCOC=NOCN1C[C@H]2CC[C@@H](C1)N2C1C=NC(c2cc(O)cc3ccccc23)=C(F)C1=N,8,0.4747042976497913
Cn1ccnc1CCOC=NC(=CC1=NC[C@@H](c2cc(O)cc3ccccc23)C(F)C1=N)N1C[C@H]2CC[C@@H](C1)N2,8,0.4747042976497913
Cn1ccnc1CCOC=NC(=CC=NC(CF)c1cc(O)ccccc2cc1-2)N1C[C@H]2CC[C@@H](C1)N2,8,0.4747042976497913
Cn1ccnc1CCOC=NC(=CC=NC(=CCF)c1cc(O)cc2ccccc12)N1C[C@H]2CC[C@@H](C1)N2,8,0.4747042976497913
Cn1ccnc1CC1N=C2C(F)=C3C=CC(O)=CC=CC=CN4[C@@H]5CC[C@H]4C2N(C5)C(=CC=N3)N=CO1,8,0.4747042976497913
CN1CC(N)Cc2cncc3c4c(ccccc-3c(F)cnc(OC[C@@H]3CCCN3C)nc21)C=CC4,57,0.532491135498741
O=c1nc(-c2ccccn2)[nH]cc1SC=C1C=CSC=C1,24,0.6447758701831339
[NH]C(=NOc1csc2ccccc12)c1ccccn1,24,0.6447758701831339
CN(C)COc1nc(N2C[C@H]3CC[C@@H](C2)N3)c2cnc(-c3cc(O)cc4ccccc34)c(F)c2n1,16,0.5409039984070652
CN(C)CCOC=NC(NC1[CH]C2C[C@H](N2)OC1)=C1C=NC(c2cc(O)cc3ccccc23)=C(F)C1=N,16,0.5409039984070652
CCCCCOc1nc(N2C[C@H]3CC[C@@H](C2)N3)c2cnc(-c3cc(O)cc4ccccc34)c(F)c2n1,16,0.5409039984070652
C=C(C=CC1(F)N=CC=C(N=COCCN(C)C)N2C[C@H]3CC[C@@H](C2)N3C1=N)Cc1ccccc1,16,0.5409039984070652
CN(C)CCOC=NC(NC[CH]C1[CH]C1)c1cc(O)cc2ccccc12,16,0.5409039984070652
CN(C)CCOc1nc2c(F)c(n1)N1C[CH]CC[C@@H](C1)N=C2C=NCc1cc(O)cc2ccccc12,16,0.5409039984070652
CNNCCCCOc1nc(N2C[C@H]3CC[C@@H](C2)N3)c2cnc(-c3cc(O)cc4ccccc34)c(F)c2n1,16,0.5409039984070652
CN(C)CCOC=NC(=CC=NC(C=CC(O)=CC=CC1=CC=CCO1)=C(F)C=N)N1C[C@H]2CC[C@@H](C1)N2,16,0.5409039984070652
CN(C)CCOC=NC(=CC=NC(C=CC(O)=CC=CC1=CC=C=CO1)=C(F)C=N)N1C[C@H]2CC[C@@H](C1)N2,16,0.5409039984070652
CN(C)CCOC=NC1=c2cnc(-c3cc(O)cc4ccccc34)c(F)c2=NN2[C@@H]3CC[C@H]2CN1C3,16,0.5409039984070652
CN(C)CCOC1=NC(N2C[C@H]3CC[C@@H](C2)N3)=C2C=NC(c3cc(O)cc4ccccc34)=C(F)N2N1,16,0.5409039984070652
CN(C)CCOc1nc(N2C[C@H]3CC[C@@H](C2)N3)c2cnc(C=CC(O)=Cc3c#cccc3)c(F)c2n1,16,0.5409039984070652
CN(C)CCOC=NC1C[C@H]2CC[C@@H](C1)N2C1C=NC(c2cc(O)cc3ccccc23)=C(F)C1=N,16,0.5409039984070652
CN(C)CCOC=NC(NC1[CH]C[C@@H]2CC([CH]1)N2)=C1C=NC(c2cc(O)cc3ccccc23)=C(F)C1=N,16,0.5409039984070652
CN=CCCCCOc1nc(N2C[C@H]3CC[C@@H](C2)N3)c2cnc(-c3cc(O)cc4ccccc34)c(F)c2n1,16,0.5409039984070652
CN(C)CCOC=NCNC1[CH]CC[CH]C1,16,0.5409039984070652
CC12C(CNC3=C([C@H]4NC(=O)c5ccc(O)cc54)C=CC=C=CNC3)=CC=CC=C1NCC21CNC=N1,3,0.39717530015858915
FC=CC=CC(F)c1cc2nc(OCC34CCCN3CCC4)nc(N3CC4CCC(C3)N4)c2cn1,131,0.5916265150397024
FC1=C2CC(C(N3CC4CCC(C3)N4)=NC(OCC34CCCN3CCC4)=N2)C2=C3CNC3=CC=CC=C12,256,0.5325539157708552
C=C1N=C(OCC23CCCN2CCC3)N=C(N2CC3CCC(C2)N3)C1C=CN=CC(F)C=CC=CC=CNC,256,0.5325539157708552
CNC=Cc1c2ccc(-c3ncc4c(N5CC6CCC(C5)N6)nc(OCC56CCCN5CCC6)nc4c3F)c1-2,256,0.5325539157708552
FN=C(N=C(C=CN=CC1=C2CNC2=CC=CC=C1)N1CC2CCC(C1)N2)OCC12CCCN1CCC2,256,0.5325539157708552
C=CN=C(N=C(C=CN=CC(F)C=CC=CC=CNC)N1CC2CCC(C1)N2)OCC1C2C#CCCN1CC2,256,0.5325539157708552
CNC=CC=CC=CC(F)c1ncc2c(N3CC4CCC(C3)N4)nc(OCC34CCCN3CCC4)nc2c1F,256,0.5325539157708552
CN=C1N=C(OCC23CCCN2CCC3)N=C(N2CC3CCC(C2)N3)C1=CN=CC(F)C=CC=CC=CNC,256,0.5325539157708552
FCC=CN=CC1=C=CNC=CC=CC=C1,256,0.5325539157708552
C1=c2cccccc[nH]c2=1,256,0.5325539157708552
FC1C=CC=CC2=CNCC=C2N=CCCN2CC(C=CN=C1)N1CCC23CC13,256,0.5325539157708552
Fc1c(C2=CC=CC3=CNCC32)ncc2c(N3CC4CCC(C3)N4)nc(OCC34CCCN3CCC4)nc12,256,0.5325539157708552
Cn1ccc2cccc(C=NC=c3c(N4CC5CCC(C4)N5)nc4nc3=C(F)C(C35CCCN3CCC5)O4)c21,256,0.5325539157708552
CNC=CC=CC=CF,256,0.5325539157708552
COC1N=C(N2CC3CCC(C2)N3)c2cnc(-c3cccc4ccn(C)c34)c(F)c2N=C2CCN3CCCC213,256,0.5325539157708552
Fc1c(-c2cccc3c2C=N3)ncc2c(N3CC4CCC(C3)N4)nc(OCC34CCCN3CCC4)nc12,256,0.5325539157708552
Cn1ccc2cc3cc(c21)-c1ncc2c(nc(OCC45CCCN4CCC5)nc2c1F)NCC1CCC(C3)N1,256,0.5325539157708552
CN1CCCC1COc1ncc(F)c2ccccc3c(c-2cnccc(N2CC4CCC(C2)N4)n1)CN3,256,0.5325539157708552
C=CN=C(N=C(C=CN=CC(F)C=CC=CC=CNC)NC1C#CC2CC(C1)N2)OCC12CCCN1CCC2,256,0.5325539157708552
Cn1ccc2cccc(-c3ncc4c(c3F)N=C(OCC35CCCN3CCC5)NN3CCN5CC3CCC45)c21,256,0.5325539157708552
C(=CC(=NC1=NC2CCC3(CCCN23)CO1)N1CC2CCC(C1)N2)N=Cc1ccccccn2c1C2,256,0.5325539157708552
C=CN=C(N=C(C=CN=CC(F)C=CC=CC=CNC)NC1CNC2CC(C1)N2)OCC12CCCN1CCC2,256,0.5325539157708552
FC1=C2N=CCCN3CC(C=CN=CC4=C=CN1C=CC2=CC=C4)NC1CCC32CC12,256,0.5325539157708552
NC1CC=Nc2nc(OCC34CCCN3CCC4)ncc(F)c3ccccc4c(c-3cncc2C1)CN4,256,0.5325539157708552
Cn1ccc2nccc(-c3ncc4c(N5CC6CCC(C5)N6)nc(OCC56CCCN5CCC6)nc4c3F)c21,256,0.5325539157708552
CNC=CC=CC=CC1=NC=c2c(N3CC4CCC(C3)N4)nc(OCC34CCCN3CCC4)nc2=C(F)C1,256,0.5325539157708552
Cn1ccc2cccc(-c3ncc4c(N5CC6CCC(C5)N6)nc(OCC5CCCN6CC6C5)nc4c3F)c21,256,0.5325539157708552
CCCNCCCOc1ncc(F)c2ccccc3c(c-2cnccc(N2CC4CCC(C2)N4)n1)CN3,256,0.5325539157708552
Cn1ccc2cccc(-c3nccc(N4CC5CCC(C4)N5)nc(OCC45CCCN4CCC5)ncc3F)c21,256,0.5325539157708552
Cn1ccc2cccc(-c3ncc4c(N5CC6CCC(C5)N6)nc(OCC56CCCN5CCN6)nc4c3F)c21,256,0.5325539157708552
CNC=CC=CC#CCc1ncc2c(N3CC4CCC(C3)N4)nc(OCC34CCCN3CCC4)nc2c1F,256,0.5325539157708552
CCC1CN2CC3C2c2cnc(-c4cccc5ccn(C)c45)c(F)c2N=C(OCC24CCCN2CCC4)NN13,256,0.5325539157708552
Fc1cnc(OCC2CCCN2F)nc(N2CC3CCC(C2)N3)ccncc2c3c(ccccc1-2)NC3,256,0.5325539157708552
CC1C2Cc3cncc4c5c(ccccc-4c(F)cnc(OCC46CCCN4CCC6)nc3N1N2)NC5,256,0.5325539157708552
CC(=O)NCCC(C)Oc1nc(N2CC3CCC(C2)N3)c2cnc(-c3cc(O)cc4ccccc34)c(F)c2n1,132,0.5189812772564423
CCCCc1ccccc1-c1ncc2c(N3CC4CCC(C3)N4)nc(OCC34CCCN3CCC4)nc2c1F,257,0.5895963377758084
CCCc1ccccc1C1=NCOC(N2CC3CCC(C2)N3)=NC(OCC23CCCN2CCC3)=NC=C1F,257,0.5895963377758084
Fc1c(-c2ccccc2)ncc2c(N3CC4CCC(C3)N4)nc(OCC34CCCN3CCC4)nc12,257,0.5895963377758084
CCC1C=C(C)C=C1c1ncc2c(N3CC4CCC(C3)N4)nc(OCC34CCCN3CCC4)nc2c1F,257,0.5895963377758084
CCCC=CC=CC=CC(=N)C=c1c(N2CC3CCC(C2)N3)nc(OCC23CCCN2CCC3)nc1=CF,257,0.5895963377758084
N#CC=CC=C(C=CO)COCC(=O)Nc1nc(-c2ccccn2)nc2sccc12,36,0.6220878069663125
C=CC(=CC=CC#N)COCC(=O)NC=NC(=NC[SH]=O)c1ccccn1,36,0.6220878069663125
C=CC(=CC=CC#N)COCC(=O)N1C=NC(c2ccccn2)=NCS(=C)C1,36,0.6220878069663125
C=CC(=O)N=O,0,0.5908850460165602
C=CC(=O)NC1CCN(c2nc(OC[C@@H]3CCCN3C)ncc2CCN(C)c2cc(O)ccccccc2O)C1,0,0.5908850460165602
C=C1CCPN(c2nc(OC[C@@H]3CCCN3C)ncc2C2C=NOCc3ccccc32)CCNC1=O,0,0.5908850460165602
C=CC(=O)N1CCN(c2nc(OC[C@@H]3CCCN3C)nc3c2CCNc2cc(O)ccccccc2N3)CC1,0,0.5908850460165602
C=CC(=O)NC1CCN(C=NC(C=NC2=CCCN(c3cc(O)cc4ccccc34)C2)OC[CH]C2CCCN2)C1,0,0.5908850460165602
C=CC(=O)NCCN(CC)c1nc2ncc1CC1C3=CC=CC(C)(C=CN1CCN1CCC[C@H]1CO2)O3,0,0.5908850460165602
C=CC(=O)N1CCN(c2nc(OC[C@@H]3CCCN3C)nc3c2CCN(c2cc(O)cc4c2=CCCC=4)C3)CC1,0,0.5908850460165602
CN1CCC[C@H]1COc1nc2c3c(n1)N1CCN(CC1)C(=O)C=CC=CC=CC=CC=C(O)C=CN(CC3)C2,0,0.5908850460165602
C=CC(=O)NCCN(C=NC(C[C@@H]1CCCN1C)=NC1=CCCN(c2cc(O)cc3ccccc23)C1)CC,0,0.5908850460165602
C=CC(=O)NC1CCN(C=NC(=NCC2=CCCN(c3cc(O)cc4ccccc34)C2)OC[C@@H]2CCCN2C)C1,0,0.5908850460165602
C=CC(=O)NCCN(C=NC(=NC1=CCCN(c2cc(O)cc3ccccc23)C1)OC[C@H]1C#CCC1)CC,0,0.5908850460165602
C=C1CCN(c2nc(OC[C@@H]3CCCN3C)ncc2C2C=CCC=C(O)C=CN(C)C2)CCNC1=O,0,0.5908850460165602
C=CC(=O)N1CCN(C2=NC(OC[C@@H]3CCCN3C)=NC3CN(c4cc(O)cc5ccccc45)CC[C@H]23)CC1,0,0.5908850460165602
C=CC(=O)N1CCN(c2nc(OC[C@@H]3CCCN3C)nc3c2C2CN(C3)C3=C2COCc2ccccc23)CC1,0,0.5908850460165602
CCN1C=NC(OC[C@@H]2CCCN2C)=NC(CCN(C)c2cc(O)cc3ccccc23)C=CC(=O)NCC1,0,0.5908850460165602
C=CC(=O)NC1CCN(C=NC(C=NC2=CCCN(c3cc(O)cc4ccccc34)C2)OC[CH]C2=CCCN2)C1,0,0.5908850460165602
C=C1CCN2C=NC(OC=CNC)=NC3=C(CCN(c4cc(O)cc5ccccc45)C3)C(C2)NC1=O,0,0.5908850460165602
C=CC(=O)NCCN(CC)c1nc2ncc1CC1C3=CC(=C)C=C(C=CN1CCN1CCC[C@H]1CO2)O3,0,0.5908850460165602
C=CC(=O)N1CCN(c2nc(OC[C@@H]3CPCN3C)nc3c2CCN(c2cc(O)cc4ccccc24)C3)CC1,0,0.5908850460165602
C=CC(=O)N1CCN(c2nc(OC[C@@H]3CCCN3C)nc3c2CCN(C2=CC4=CC=CC=C2CCO4)C3)CC1,0,0.5908850460165602
C=CC(=O)NC1CCN(C=NC(C=NC2=CCCN(c3cc(O)cc4ccccc34)C2)NOC[C@@H]2CCCN2)C1,0,0.5908850460165602
C=CC(=O)NCCN(C=NC(=NC1=CCCN(c2cc(O)cc3ccccc23)C1)OC[CH]CCC=O)CC,0,0.5908850460165602
C=CC(=O)NC1CCN(c2nc(OC[C@@H]3CCCN3C)ncc2CCN(C)C2=CC(O)=CC=C3C=CC=C2N3)C1,0,0.5908850460165602
C=CC(=O)NC1CN(C=NCOOC[C@@H]2CCCN2C=NC2=CCCN(c3cc(O)cc4ccccc34)C2C)C1,0,0.5908850460165602
C=C(C=O)N(CC)c1nc(OC[C@@H]2CCCN2C)nc2c1CCN(c1cc(O)cc3ccccc13)C2,0,0.5908850460165602
C=CC(=O)NCCN(C)C=NC(OC1[CH]CCC1C=N)C1=CCCN(c2cc(O)cc3ccccc23)C1C,0,0.5908850460165602
C=CC(=O)NCCN(CC)c1nc(OC[C@@H]2CCCN2C)ncc1CCN(C)C1=CC=CC=CCCOC1,0,0.5908850460165602
C=CC(=O)N1CCN(c2nc(OC[C@@H]3CCCN3C)nc3c2CCN(c2cc(O)cc4c2=CCN=C=4)C3)CC1,0,0.5908850460165602
C=CC(=O)N1CCN(C=NC2=NC3=C(CCN(c4cc(O)cc5ccccc45)C3)CN3CCC[C@H]3CO2)CC1,0,0.5908850460165602
C=CC#CC=O,0,0.5908850460165602
C=CC(=O)NCCN(C)c1nc(OC[C@@H]2CCCN2C)ncc1CCNc1cc(O)cc2ccccc12,0,0.5908850460165602
C=CC(=O)NC1CCN(c2nc(OC[C@@H]3CCCN3C)ncc2CCN(C)C=C2C(O)=CNc3ccccc32)C1,0,0.5908850460165602
CN1CCC[C@H]1COc1nc2c(c(N3CCN(C(=O)C=N)CC3)n1)CCN(c1cc(O)cc3ccccc13)C2,0,0.5908850460165602
CCN1CCNC(=O)C=CC23C=CN4CCN5CCC[C@H]5COc5ncc(c1n5)CC4C(=CC=CC2)O3,0,0.5908850460165602
C=CC(=O)N1CCN(c2nc(OC[C@@H]3CCCN3N)nc3c2CCN(c2cc(O)cc4ccccc24)C3)CC1,0,0.5908850460165602
C=CC(=O)NCCN(CC)c1nc2ncc1CC1c3ccccc3C3C=CN1CCN1CCC3[C@H]1CO2,0,0.5908850460165602
C=CC(=O)NCCN(CC)c1nc(OC[C@@H]2CCCN2C)ncc1CCN(C)CCOCc1ccccc1,0,0.5908850460165602
C#CC(=O)N1CCN(c2nc(OC[C@@H]3CCCN3C)nc3c2CCN(c2cc(O)cc4ccccc24)C3)CC1,0,0.5908850460165602
C=CC(=O)N1CCN(C2=NC(O)C[C@@H]3CCCN3C=NC3=C2CCN(c2cc(O)cc4ccccc24)C3)CC1,0,0.5908850460165602
C=CC(=O)NCC1CCN1c1nc(OC[C@@H]2CCCN2C)ncc1C1CN(C=CC(O)=CC=CC2=CC=COO2)C1,0,0.5908850460165602
C=C1CCN(c2nc(OC[C@@H]3CCCN3C)ncc2C2CC=CC=C(O)C=CN(C)C2)CCNC1=O,0,0.5908850460165602
C=CC(=O)NCC1CCN1c1nc(OC[C@@H]2CCCN2C)ncc1C1CN(C=CC2NCOCc3ccccc32)C1,0,0.5908850460165602
CN1CCC2CN(C=CC(=O)O)CCc3cnc(nc3N3CCC=CC(=O)NCC3)OC[C@H]21,0,0.5908850460165602
C=CN(O)N1CCN(c2nc(OC[C@@H]3CCCN3C)nc3c2CCN(c2cc(O)cc4ccccc24)C3)CC1,0,0.5908850460165602
C=CC(=O)NC1CCN(C=NC(C=NC2=CCCN(c3cc(O)cc4ccccc34)C2)ONC[C@@H]2CCCN2)C1,0,0.5908850460165602
C=CC(=O)NC1CCN(C=NC(=NOC2=CCCN(c3cc(O)cc4ccccc34)C2)OC[C@@H]2CCCN2C)C1,0,0.5908850460165602
C=CC(=O)N1CCN(c2nc(OC[C@@H]3CCCN3C)nc3c2CCN(C2=CC(O)[CH]c4ccccc42)C3)CC1,0,0.5908850460165602
CN1C=CC2=CC=CC=CC(C1)c1cnc(OC[C@@H]3CCCN3C)nc1N1CCNC(=O)C(=C2)CC1,0,0.5908850460165602
C=CC(=O)NCC1C2=C(CN(c3cc(O)cc4ccccc34)CC2)N=C(OCCCNC)N=CN1CC,0,0.5908850460165602
C=CC(=O)NCCN(C=NC(=NC1=CCCN(c2cc(O)cc3ccccc23)C1)OC[C@@H]1CCC=N1)CC,0,0.5908850460165602
NC1C=CC(=O)N1,0,0.5908850460165602
C=CC(=O)NC1CCN(c2nc(OC[C@@H]3CCCN3C)nc3c2CCN(c2cc(O)cc4ccccc24)C3)C1,0,0.5908850460165602
C=C1CCN(c2nc(OC[C@@H]3CCCN3C)ncc2CCN(C)C=CC(O)=CC=C=O)CCNC1=O,0,0.5908850460165602
C=CC(=O)N1CCN(c2nc(OC[C@@H]3CCCN3C)nc3c2CCN(C2NC(O)=Cc4ccccc42)C3)CC1,0,0.5908850460165602
C=CC(=O)NC1CCN(c2nc(OC[C@@H]3CCCN3C)ncc2CCN(C)C=C2C=CC=CC=C=CC=C2O)C1,0,0.5908850460165602
C=CC(=O)N1CCN(c2nc(OC[C@@H]3CCCN3C)nc3c2CCN(c2cc(O)cc4ccccc24)C3)CC1=O,0,0.5908850460165602
C=CC(=O)NCCN(C)C=NC(=NCCCN(CC)c1cc(O)cc2ccccc12)OC[C@@H]1CCCN1C,0,0.5908850460165602
C=CC(=O)NCCN(CC)c1nc2ncc1C=C(c1cc(O)cc3ccccc13)C1CC[C@@H](CO2)N1C,0,0.5908850460165602
C=CC(=O)N1CCN(c2cc(OC[C@@H]3CCCN3C)nc3c2CCN(c2cc(O)cc4ccccc24)C3)CC1,0,0.5908850460165602
C=CC(=O)NCC1C2=C(CN(c3cc(O)cc4ccccc34)CC2)N=C(OC(C)CNC)N=CN1CC,0,0.5908850460165602
C=CC(=O)N1CCN(c2nc(OC[C@@H]3CCCN3C)nc3c2CCN(N=CC(O)=Cc2ccccc2)C3)CC1,0,0.5908850460165602
C=CC(=O)N1CCN(c2nc(OO[C@@H]3CCCN3C)nc3c2CCN(c2cc(O)cc4ccccc24)C3)CC1,0,0.5908850460165602
C=CC(=O)NC1CCN(c2nc(OC[C@@H]3CCCN3C)ncc2CCN(PC)c2cc(O)cc3ccccc23)C1,0,0.5908850460165602
C[CH]C(=O)N1CCN(c2nc(OC[C@@H]3CCCN3C)nc3c2CCN(c2cc(O)cc4ccccc24)C3)CC1,0,0.5908850460165602
C=CC(=O)N1CCN(c2nc(OC[C@@H]3CCCN3C)nc3c2CCN(c2cc(O)cc4cpccc24)C3)CC1,0,0.5908850460165602
C=CC(=O)N1CCN(C=NC(=NC#CCCN(C)c2cc(O)cc3ccccc23)OC[C@@H]2CCCN2C)CC1,0,0.5908850460165602
CCC(=O)N1CCN(c2nc(OC[C@@H]3CCCN3C)nc3c2CCN(c2cc(O)cc4ccccc24)C3)CC1,0,0.5908850460165602
C=CC(P)N1CCN(c2nc(OC[C@@H]3CCCN3C)nc3c2CCN(c2cc(O)cc4ccccc24)C3)CC1,0,0.5908850460165602
C=CC(=O)N1CCN(c2nc(OC[C@@H]3CCCN3C)nc3c2CCN(C2=CC(O)Cc4ccccc42)C3)CC1,0,0.5908850460165602
C=CC(=O)N1CCN(c2nc(OC[C@@H]3CCCN3C)nc3c2CCN(c2cc(O)cc4ccccc24)C3)CO1,0,0.5908850460165602
C#CC=O,0,0.5908850460165602
C=CC(=O)N1CCN(c2nc(OC[C@@H]3CCCN3C)ncc2CC2CN2c2cc(O)cc3ccccc23)CC1,0,0.5908850460165602
CCN1CCNC(=O)C=CN(c2cc(O)cc3ccccc23)CCc2cnc(OC[C@@H]3CCCN3C)nc21,0,0.5908850460165602
C=CC(=O)N=NCN(CC)c1nc(OC[C@@H]2CCCN2C)nc2c1CCN(c1cc(O)cc3ccccc13)C2,0,0.5908850460165602
C=CC(=O)NCC1CCN1C=NC1NOOC[C@@H]2CCCN2C=NC2=C1CCN(c1cc(O)cc3ccccc13)C2,0,0.5908850460165602
C=CC(=O)N1CCN(C2=N[C@@H](OC[C@@H]3CCCN3C)NC3=C2CCN(c2cc(O)cc4ccccc24)C3)CC1,0,0.5908850460165602
C=CC(=O)NC1CCN(C=NC(C=NC2=CCCN(c3cc(O)cc4ccccc34)C2)OC[CH]C2CCNO2)C1,0,0.5908850460165602
C=C1CCN(c2nc(OC[C@@H]3CCCN3C)nc3c2CCN(c2cc(O)cc4ccccc24)C3)C1=O,0,0.5908850460165602
O=C1OC[C@@H]2CCCN2C=NC2=C3CCN(c4cc(O)cc5ccccc45)C2CCC=C13,0,0.5908850460165602
C=CC(C)N1CCN(c2nc(OC[C@@H]3CCCN3C)nc3c2CCN(c2cc(O)cc4ccccc24)C3)CC1,0,0.5908850460165602
O=C1NCC23CCCN2C=NC2=C4CCN(c5cc(O)cc6ccccc56)C2CCC3=C14,0,0.5908850460165602
C=CC(=O)N=CCN(CC)c1nc(OC[C@@H]2CCCN2C)nc2c1CCN(c1cc(O)cc3ccccc13)C2,0,0.5908850460165602
C=CC(=O)NCC1CCN1C=NC1=NOOC[C@@H]2CCCN2C=NC2=C1CCN(c1cc(O)cc3ccccc13)C2,0,0.5908850460165602
C=CC(=O)NC1CCN(C=NC(C[C@@H]2CCCN2C=NC2=CCCN(c3cc(O)cc4ccccc34)C2)OO)C1,0,0.5908850460165602
CN1CCC[C@H]1COc1ncnc(N2CCC=CC(=O)NCC2)n1,0,0.5908850460165602
CN1CCC[C@H]1COC(N=CN1CCC=CC(=O)NCC1)=NC=C=O,0,0.5908850460165602
[CH]c1cc(N2CCc3c(nc(OC[C@@H]4CCCN4C)nc3N3CCN(C(=O)C=C)CC3)C2)c2ccccc2c1,0,0.5908850460165602
CN1CCC[C@H]1COc1ncc(CN)c(N2CCNC(=O)C=CCCP2)n1,0,0.5908850460165602
C=CC(=O)N1CCN(C2=NC(OC[C@@H]3CCCN3C)CC3=C2CCN(c2cc(O)cc4ccccc24)C3)CC1,0,0.5908850460165602
C=CC(=O)NCCNc1nc(OC[C@@H]2CCCN2C)ncc1C1CC=CC=C(O)C=CNC1,0,0.5908850460165602
C=CC(=O)NCCN(CC)NC(=NC1=CCCN(c2cc(O)cc3ccccc23)C1)OC[C@@H]1CCCN1C,0,0.5908850460165602
C=CC(=O)N1CCN(c2nc(OC[C@@H]3CCCN3C)nc3c2CCN(C2[CH]C(O)=Cc4ccccc42)C3)CC1,0,0.5908850460165602
C=CC=C1COCC2C=C1C2=CN(C)CCc1cnc(OC[C@@H]2CCCN2C)nc1N1CCC(NC(=O)C=C)C1,0,0.5908850460165602
C=CC(=O)NC1CN(c2nc(OC[C@@H]3CCCN3C)ncc2CCN(CPC)c2cc(O)cc3ccccc23)C1,0,0.5908850460165602
C#CCc1cnc(OC[C@@H]2CCCN2C)nc1N1CCC=CC(=O)NCC1,0,0.5908850460165602
O=C1C=COCCN1,0,0.5908850460165602
C=CC(=O)NCC1CCN1c1nc(OC[C@@H]2CCCN2C)ncc1C1CN(C=CC2OCOCc3ccccc32)C1,0,0.5908850460165602
C=CC(=O)N1CCN(c2nc(OC[C@@H]3CCCN3C)ncc2CCN2Cc3cccc4cc(O)cc2c34)CC1,0,0.5908850460165602
C=CC(=C)N1CCN(c2nc(OC[C@@H]3CCCN3C)nc3c2CCN(c2cc(O)cc4ccccc24)C3)CC1,0,0.5908850460165602
C=CC(=O)N1CCN(C2PC(OC[C@@H]3CCCN3C)=NC3=C2CCN(c2cc(O)cc4ccccc24)C3)CC1,0,0.5908850460165602
CN1CCC[C@H]1COc1nc2c(c(N3CCC4=CC4C3)n1)CCN(c1cc(O)cc3ccccc13)C2,0,0.5908850460165602
C=C1CN(c2nc(OC[C@@H]3CCCN3C)ncc2CCN2C=CC(O)=C3C=CCC=C32)CCNC1=O,0,0.5908850460165602
C=CC(=O)NCCN1CCCC2CN(c3cc(O)cc4ccccc34)Cc3nc(OC[C@@H]4CCCN4C)nc1c32,0,0.5908850460165602
O=C1NCCN2C=NC(O)=NC3=C(CCN(c4cc(O)cc5ccccc45)C3)C1=CCC2,0,0.5908850460165602
[CH]=CC(=O)N1CCN(c2nc(OC[C@@H]3CCCN3C)nc3c2CCN(c2cc(O)cc4ccccc24)C3)CC1,0,0.5908850460165602
C=CC(=O)N1CCN(C2=NC(OC[C@@H]3CCCN3C)=N[PH]3=C2CCN(c2cc(O)cc4ccccc24)C3)CC1,0,0.5908850460165602
C=CC(=O)NCC1CCN1c1nc(OC[C@@H]2CCCN2C)ncc1CCN(COP)c1cc(O)cc2ccccc12,0,0.5908850460165602
C=C1CCN2C=NC(OC(C)NC)=NC3=C(CCN(c4cc(O)cc5ccccc45)C3)C(C2)NC1=O,0,0.5908850460165602
C=CC(=O)NCCN1CCNC2CN(c3cc(O)cc4ccccc34)Cc3nc(OC[C@@H]4CCCN4C)nc1c32,0,0.5908850460165602
C=CC(=O)N1CCN(c2nc(OC[C@@H]3CCCN3C)nc3c2CCN(c2cc(O)cc4c2=COCC=4)C3)CC1,0,0.5908850460165602
C=CC(=O)N=NCCN(CC)c1nc(OC[C@@H]2CCCN2C)nc2c1CCN(c1cc(O)cc3ccccc13)C2,0,0.5908850460165602
C=CC(=O)N1CCN(c2nc(CC[C@@H]3CCCN3C)nc3c2CCN(c2cc(O)cc4ccccc24)C3)CC1,0,0.5908850460165602
C=CC(=O)N1CCN(c2nc(OC[C@@H]3CNCN3C)nc3c2CCN(c2cc(O)cc4ccccc24)C3)CC1,0,0.5908850460165602
C=CC(=O)N1CCN(c2nc(OC[C@@H]3CCCN3C)nc3c2CCN(C2CC(O)=Cc4ccccc42)C3)CC1,0,0.5908850460165602
C=CC(=O)NC1CCN(c2nc(OC[C@@H]3CCCN3C)ncc2CCN(CO)c2cc(O)cc3ccccc23)C1,0,0.5908850460165602
