smiles,segment_id,seed_idx,seed_reward_qed_mw
CC1CN(c2ccccc2)CCN1C(=O)c1cscc(O)nc(-c2ccccn2)nc1C=N,2,32,0.6249620044663522
CC1CN(c2ccccc2)CCN1C(=O)C=CSC=C1N=C(c2ccccn2)N=CCSO1,2,32,0.6249620044663522
CC1CN(c2ccccc2)C=CN1C(=O)c1csc2c(O)nc(-c3ccccn3)nc12,2,32,0.6249620044663522
Nc1nc(-c2ccccn2)nc2c(C(=O)N3CCNC(c4ccc(O)cc4)C3)csc12,2,40,0.5643361970335375
O=C(NCCOC(CSO)c1nccs1)c1csc2c(O)nc(-c3ccccn3)nc12,2,31,0.6304056959240253
O=C(c1csc2c(O)nc(C3=CC=C=NN3)nc12)N1CCOC(c2nccs2)C1,2,31,0.6304056959240253
CC12C=NC=C1c1cccnc1-c1nc(O)c3scc(c3n1)C(=O)NCCO2,2,31,0.6304056959240253
C=C1COC=NC(c2ccccn2)=N1,2,28,0.6860289468652685
C1=NC(c2ccccn2)=NCSCO1,2,28,0.6860289468652685
O=C(C=CSCl)NN1CCOC(c2ccccc2Cl)C1,2,34,0.5980024076724674
O=Cc1csc2c(O)nc(-c3ccccn3)nc12,2,34,0.5980024076724674
O=C(c1csc2c(O)nc(-c3ccccn3)nc12)N1CSOC(c2ccccc2Cl)C1,2,34,0.5980024076724674
O=C1CSc2c(O)nc(-c3ccccn3)nc21,2,34,0.5980024076724674
O=C(c1csc2c(O)nc(C=CC=CCCl)nc12)N1CCOC(c2ccccc2Cl)C1,2,34,0.5980024076724674
O=C(c1csc2c(O)nc(-c3ccccn3)nc12)N1CC(c2ccccc2Cl)OCO1,2,34,0.5980024076724674
N=C1SC=CC1=S(O)CN=CC1=CC(=CCO)C=N1,2,29,0.747298469359388
N=[PH]1CSC=C1C=C(O)N=CC1=CC(=CCO)C=N1,2,29,0.747298469359388
Cn1cnc(Cn2ccc3ccc(CNCc4[nH]c5ccccc5c4[CH]NC(=O)c4cc5c(O)cc4-5)cc32)c1,2,3,0.39717530015858915
CNC1=NC(CNc2ccccc(CNCc3[nH]c4ccccc4c3[C@H]3NC(=O)c4ccc(O)cc43)cc[nH]2)=C1,2,3,0.39717530015858915
Cn1cnc(Cn2cccccc3cc2-c2cccc4c([C@H]5NC(=O)c6ccc(O)cc65)c([nH]c24)CNC3)c1,2,3,0.39717530015858915
CNC1=NC(CNC=Cc2ccc(CNCc3[nH]c4ccccc4c3[C@H]3NC(=O)c4ccc(O)cc43)cc2)[SH]=C1,2,3,0.39717530015858915
O=C1N[C@H](c2c(CNCc3ccccc4[nH]c(c3)CNC3=NC(=C3)CN4)[nH]c3ccccc23)c2cc(O)ccc21,2,3,0.39717530015858915
O=C1N[C@H](C2=C(NCC3=CC=CC4=CNC(C5=CCNC=N5)C4=C3)CNC=CC#CC2)c2cc(O)ccc21,2,3,0.39717530015858915
CCN(C=CC=CCl)CCNC(=O)c1csc2c(O)nc(-c3ccccn3)nc12,2,38,0.5778201434942767
O=C(c1csc2c(O)nc(-c3ccccn3)nc12)N1CCNC2=CC=COC(Cl)=C2CC1,2,38,0.5778201434942767
O=C(c1csc2c(O)nc(-c3ccccn3)nc12)N1CCN(c2ccc(O)c(Cl)c2)CC1,2,38,0.5778201434942767
O=C(c1csc2c(O)nc(-c3ccccn3)nc12)N1CCN(c2ccc(O)c(Cl)c2)CO1,2,38,0.5778201434942767
N=CC=C=CC1=NC(O)=CSC2=CC(=O)CCN(c3ccc(O)c(Cl)c3)CCNC21,2,38,0.5778201434942767
O=C(NCC1CCN1C=CC1=CCCOC(Cl)=C1)c1csc2c(O)nc(-c3ccccn3)nc12,2,38,0.5778201434942767
O=C(c1csc2c(O)nc(-c3ccccn3)nc12)N1CCN(c2ccc(O)c(O)c2)CC1,2,38,0.5778201434942767
COC=C1C=CC(CC2NCCN2C(=O)C=C2C=C=NC(c3ccccn3)=NC(O)=CS2)=C1,2,35,0.5961977843518145
CC=CC=CC=CNCCNC(=O)c1csc2c(O)nc(-c3ccccn3)nc12,2,27,0.6400311881288824
O=C(C=C[SH]1C=C(O)N=C(c2ccccn2)C1)N1CCN(c2ccccc2)CC1,2,27,0.6400311881288824
O=C(c1csc2c(O)nc(-c3ccccn3)nc12)N1CCN(c2ccccc2)CC1,2,27,0.6400311881288824
O=C1C=C[SH]2C=C(O)N=C(c3ccccn3)N2CCN(c2ccccc2)CC1,2,27,0.6400311881288824
Cc1cccc(OCC(=O)Nc2nnc(-c3ccccn3)[nH]2)c1,2,23,0.8026939940564777
C=C(C=CCOC)OCC(=O)Nc1nnc(-c2ccccn2)[nH]1,2,23,0.8026939940564777
O=C(COC1=CCC=CC=C1)Nc1nnc(-c2ccccn2)[nH]1,2,23,0.8026939940564777
CC=O,2,23,0.8026939940564777
[NH]N(N=Cc1ccccn1)C(=O)COC1=CCC=CC=C1,2,23,0.8026939940564777
CC=CC1=CC(OCC(=O)NC=NN=C(NCO)c2ccccn2)=C1,2,23,0.8026939940564777
CN(C)Cc1[nH]c2ccccc2c1[CH]n1[nH]ccc(O)cccc1=O,2,1,0.7557397651659714
CN(C)Cc1[nH]c2ccccc2c1[C@H]1NC(=O)c2ccc(O)cc21,2,1,0.7557397651659714
CC1Oc2ccc(O)cc2N1[CH]c1c(CN(C)C)[nH]c2ccccc12,2,1,0.7557397651659714
CN(C)Cc1[nH]c2ccccc2c1[C@H]1NC(N)c2ccc(O)cc21,2,1,0.7557397651659714
CN(C)CC1Nc2ccccc2C1[C@H]1NC(=O)c2ccc(O)cc21,2,1,0.7557397651659714
CN(C)CCNC=CC=C=O,2,1,0.7557397651659714
CN(C)CCNc1ccccc1C[C@H]1NC(=O)c2ccc(O)cc21,2,1,0.7557397651659714
CN(C)Cc1[nH]c2ccccc2c1[C@H]1NC(=O)c2ccc(N)cc21,2,1,0.7557397651659714
CN(C)Cc1[nH]c2ccccc2c1[CH]NC(=O)c1c#cc(O)cc1,2,1,0.7557397651659714
CN(C)C1=C([C@H]2NC(=O)c3ccc(O)cc32)C=CC=C=CNC1,2,1,0.7557397651659714
CN(C)Cc1[nH]c2ccccc2c1[CH]NOc1ccc(O)cc1,2,1,0.7557397651659714
CN(C)C[C@H]1Nc2ccccc2C1[C@H]1NC(=O)c2ccc(O)cc21,2,1,0.7557397651659714
CN(C)Cc1[nH]cccccc2c1[C@@H](N)c1cc(O)ccc1C2=O,2,1,0.7557397651659714
CN(C)Cc1[nH]c2ccccc2c1[CH]NC(=O)c1ccc(O)cc1O,2,1,0.7557397651659714
C=COCC(=C)C(=O)N[CH]c1c(CN(C)C)[nH]c2ccccc12,2,1,0.7557397651659714
CN(C)Cc1[nH]c2ccc3cc2c1[CH]NC3=O,2,1,0.7557397651659714
CN1C=C([C@H]2NC(=O)c3ccc(O)cc32)c2ccccc2NCC1,2,1,0.7557397651659714
CN(C)Cc1[nH]c2ccccc2c1[C@H]1NC(=O)C2=CC=COC=C21,2,1,0.7557397651659714
CN(C)Cc1[nH]c2ccc3cc2c1[CH]NC(=O)C=CC=C(O)C3,2,1,0.7557397651659714
CN(C)Cc1[nH]c2ccccc2c1[C@H]1NC(=O)C=C2C=C(O)C=C21,2,1,0.7557397651659714
CN(C)C1CNc2ccccc21,2,1,0.7557397651659714
CN(C)Cc1[nH]c2ccccc2c1[CH]NC(=O)C=CC=C(O)C=C[CH]O,2,1,0.7557397651659714
CN(C)Cc1[nH]c2ccccc2c1[C@H]1N=COc2ccc(O)cc21,2,1,0.7557397651659714
CN(C)CNNc1ccccc1C[C@H]1NC(=O)c2ccc(O)cc21,2,1,0.7557397651659714
C=CC(O)=CCC(=O)N[CH]c1c(CN(C)C)[nH]c2ccccc12,2,1,0.7557397651659714
CN(C)CCNC=O,2,1,0.7557397651659714
CN(C)Cc1[nH]c2ccccc2c1[C@H]1NC(O)c2ccc(O)cc21,2,1,0.7557397651659714
CN(C)Cc1[nH]c2ccccc2c1[CH]n1c2coc(O)cc-2cc1=O,2,1,0.7557397651659714
C=CC(O)=C=CC(=O)N[CH]c1c(CN(C)C)[nH]c2ccccc12,2,1,0.7557397651659714
CN(C)Cc1[nH]c2ccccc2c1[CH]NC(=O)C1=CC=C(O)CN1,2,1,0.7557397651659714
CC(O)=CC=CC(=O)N[CH]c1c(CN(C)C)[nH]c2ccccc12,2,1,0.7557397651659714
C=CC=CC=CC(=O)N[CH]c1c(CN(C)C)[nH]c2ccccc12,2,1,0.7557397651659714
CN1C=C([C@H]2NC(=O)c3ccc(O)cc32)C2=CC=CC=C1C2,2,1,0.7557397651659714
CN(C)Cc1[nH]c2ccccc2c1[C@H]1NC(=O)C2=CCCOC=C21,2,1,0.7557397651659714
CN(C)Cc1[nH]c2ccccc2c1[C@H]1NC(=O)C=CC=C2C=C1O2,2,1,0.7557397651659714
CNCCCc1[nH]c2ccccc2c1[C@H]1NC(=O)c2ccc(O)cc21,2,1,0.7557397651659714
C=CC=c1[nH]c2c([C@H]3NC(=O)c4ccc(O)cc43)c1=CN(C)CC2,2,1,0.7557397651659714
CN(C)Cc1[nH]ccccccc1[C@H]1NC(=O)c2ccc(O)cc21,2,1,0.7557397651659714
CN(C)Cc1[nH]c2ccccc2c1[CH]NC1CC=CC(O)=CC1,2,1,0.7557397651659714
CN1CC=CC=C2CNC(=C2[C@H]2NC(=O)c3ccc(O)cc32)CCC1,2,1,0.7557397651659714
CN(C)CCNc1c2cccc1C2[C@H]1NC(=O)c2ccc(O)cc21,2,1,0.7557397651659714
CN(C)Cc1[nH]c2ccccc2c1[C@@H]1C=CC(O)=CC=CC(=O)N1,2,1,0.7557397651659714
CN(C)Cc1nc2ccccc2[nH]1,2,1,0.7557397651659714
CN(C)C1=C([C@H]2NC(=O)c3ccc(O)cc32)C=CC=CCNC1,2,1,0.7557397651659714
[CH]c1cc2cc(=O)n([CH]c3c(CN(C)C)[nH]c4ccccc34)c-2co1,2,1,0.7557397651659714
CN(C)c1[nH]c2ccccc2c1[C@H]1NC(=O)c2ccc(O)cc21,2,1,0.7557397651659714
CN(C)Cc1[nH]c2ccccc2c1[CH]n1oc(=O)c2ccc(O)cc21,2,1,0.7557397651659714
CN(C)Cc1[nH]c2ccccc2c1[CH]NC(=O)C=C=O,2,1,0.7557397651659714
CN(C)Cc1[nH]c2ccccc2c1[CH]NC(=O)C=CC=O,2,1,0.7557397651659714
CN(C)Cc1[nH]c2ccccc2c1[CH]n1occc(O)cccc1=O,2,1,0.7557397651659714
CN(C)Cc1[nH]c2ccccc2c1[C@H]1NC(=O)c2cnc(O)cc21,2,1,0.7557397651659714
CN(C)CC1NC=CC=CC=C[C@H]1[C@H]1NC(=O)c2ccc(O)cc21,2,1,0.7557397651659714
CNCc1[nH]c2ccccc2c1[C@H]1NC(=O)c2ccc(O)cc21,2,1,0.7557397651659714
CN(C)Cc1[nH]c2ccccc2c1[C@H]1NC(=O)C2=CC=C(O)OC21,2,1,0.7557397651659714
COCCCc1[nH]c2ccccc2c1[C@H]1NC(=O)c2ccc(O)cc21,2,1,0.7557397651659714
CN(C)Cc1[nH]c2ccccc2c1[CH]NC(=O)C=CC=C1C=C(O)O1,2,1,0.7557397651659714
C=CC(O)CC(=O)N[CH]c1c(CN(C)C)[nH]c2ccccc12,2,1,0.7557397651659714
CN(C)CC12NC=Cc3c1cc(O)cc32,2,1,0.7557397651659714
CN(C)CCNc1cccc2c1C2[C@H]1NC(=O)c2ccc(O)cc21,2,1,0.7557397651659714
CN(C)Cc1[nH]c2ccccc2c1[CH]N1C(=O)C=C2C=CCOC=C21,2,1,0.7557397651659714
CN(C)CCNc1ccccc1CO[C@H]1NC(=O)c2ccc(O)cc21,2,1,0.7557397651659714
CN1C2=C1C([C@H]1NC(=O)c3ccc(O)cc31)c1ccccc12,2,1,0.7557397651659714
C=C1C(=O)N[C@H]2C1=CC(O)=CC2c1ccccc1NCCN(C)C,2,1,0.7557397651659714
CN(C)CC1NC=CC=CC=C=C1[C@H]1NC(=O)c2ccc(O)cc21,2,1,0.7557397651659714
CN1C=C=CNCC1,2,1,0.7557397651659714
CCCCc1[nH]c2ccccc2c1[C@H]1NC(=O)c2ccc(O)cc21,2,1,0.7557397651659714
CN(C)CCNc1ccccc1C1C=CC(=CC=CO)C1=O,2,1,0.7557397651659714
CN=O,2,1,0.7557397651659714
C=Nc1[nH]c2ccccc2c1[C@H]1NC(=O)c2ccc(O)cc21,2,1,0.7557397651659714
CN(C)CC1=Cc2ccccc2C1[C@H]1NC(=O)c2ccc(O)cc21,2,1,0.7557397651659714
CN(C)Cc1[nH]c2ccccc2c1[C@H]1NC(=O)C2=CC=C(O)NC21,2,1,0.7557397651659714
CN(C)Cc1[nH]c2ccccc2c1[CH]NC(=O)C=CC1=COCOC=C1,2,1,0.7557397651659714
CN(C)CCNc1ccccc1C1NC(=O)c2ccc(O)cc21,2,1,0.7557397651659714
CN(C)Cc1[nH]c2ccccc2c1[CH]NC(=O)c1ccc(O)cc1OO,2,1,0.7557397651659714
O=C1N[C@H](C2=CCCCCNc3ccccc32)c2cc(O)ccc21,2,1,0.7557397651659714
CN1C=C([C@H]2NC(=O)c3ccc(O)cc32)C2=CCCNC2C1,2,1,0.7557397651659714
CN(C)Cc1[nH]c2c(c1[C@H]1NC(=O)c3ccc(O)cc31)=CNCC=2,2,1,0.7557397651659714
CN(C)CC1=C([C@H]2NC(=O)c3ccc(O)cc32)N2CC=CC=C2N1,2,1,0.7557397651659714
CN1C=C([C@H]2NC(=O)c3ccc(O)cc32)C2=C=C=CNC2C1,2,1,0.7557397651659714
CN(C)Cc1[nH]c2ccccc2c1[C@H]1NN(O)c2ccc(O)cc21,2,1,0.7557397651659714
C=COCC=CC(=O)N[CH]c1c(CN(C)C)[nH]c2ccccc12,2,1,0.7557397651659714
CN(C)Cc1[nH]c2ccccc2c1[CH]N1C(=O)C=C2C=C(O)CN=C21,2,1,0.7557397651659714
CN(C)Cc1[nH]c2ccccc2c1[CH]C(=O)c1ccc(O)cc1,2,1,0.7557397651659714
COc1ccccc1CCN(CCO)C(=O)c1csc2c(O)nc(-c3ccccn3)nc12,2,33,0.6068234906079053
OC=NC(=Nc1c2csc1-c1c(F)cc-2cc1F)c1ccccn1,2,42,0.6694699793437331
Oc1cc(F)cc(-c2csc3c(O)nc(-c4ccccn4)nc23)c1,2,42,0.6694699793437331
Fc1cc(F)cc(-c2csc3c4nc(nc23)C=CC=CC=NO4)c1,2,42,0.6694699793437331
Oc1nc(-c2ccccn2)nc2c(C=CC(F)=C=NCF)csc12,2,42,0.6694699793437331
Oc1nc(-c2ccccn2)nc2c(C3=CC(F)=CS(F)=C3)csc12,2,42,0.6694699793437331
FC1=CC2N=C(c3ccccn3)N=COCSC=C2C(F)C1,2,42,0.6694699793437331
C=C=C=C(F)C=CC1=CSCOC=NC(c2ccccn2)=NC1,2,42,0.6694699793437331
N=C1SC=C(c2cc(F)cc(F)c2)CN=C(c2ccccn2)N=C1O,2,42,0.6694699793437331
O=C(c1csc2c(O)nc(C3N=CC=CS3)nc12)N1CCN(Cc2cccc(O)c2)CC1,2,30,0.596366427783635
C=NC(=NOC=CSC=CC(=O)N1CCN(Cc2cccc(O)c2)CC1)c1ccccn1,2,30,0.596366427783635
C=CC=C1CN2CCN(C(=O)c3csc4c(O)nc(-c5ccccn5)nc34)CCC1=C2O,2,30,0.596366427783635
N=CC=CCC1=NC(O)=C[SH](C=CC(=O)N2CCN(Cc3cccc(O)c3)CC2)C=N1,2,30,0.596366427783635
O=C(c1csc2c(O)nc(-c3ccccn3)nc12)N1CCN(Cc2cccc(O)c2)CC1,2,30,0.596366427783635
O=C(C1=CSC2=C(O)N=C(c3ccccn3)OC12)N1CCN(Cc2cccc(O)c2)CC1,2,30,0.596366427783635
N=CC=CC=Cc1nc(O)c2scc(C(=O)N3CCN(Cc4cccc(O)c4)CC3)c2n1,2,30,0.596366427783635
O=C1C=C[SH]2C(=NC(c3ccccn3)=NC2O)CCN(Cc2cccc(O)c2)CC1,2,30,0.596366427783635
CN(CCNC(=O)c1csc2c(O)nc(-c3ccccn3)nc12)Cc1cccc(O)c1,2,30,0.596366427783635
CCC(O)C=CC=CCNCCNC(=O)c1csc2c(O)nc(-c3ccccn3)nc12,2,30,0.596366427783635
O=C(c1cscc(O)nc2nc1-c1cccnc1-2)N1CCN(Cc2cccc(O)c2)CC1,2,30,0.596366427783635
O=C1C=CSC=C(O)N=C2C=CC(=CC2)CCc2c(O)cccc2CN1,2,30,0.596366427783635
O=C1C=CSC=C2N=CC(=CCO2)CCc2c(O)cccc2CN1,2,30,0.596366427783635
CNC=C(O)C=CC=CCNCCNC(=O)c1csc2c(O)nc(-c3ccccn3)nc12,2,30,0.596366427783635
CCN(CCOC(=O)c1csc2c(O)nc(-c3ccccn3)nc12)Cc1cccc(O)c1,2,30,0.596366427783635
CCC1OCC(=O)C=CSc2cnc(nc2O)-c2cccc1n2,2,30,0.596366427783635
O=C(CCc1c[nH]c2ccccc12)NC=NN=C1Nc2cccc1n2,2,21,0.618415556108483
O=C(CCc1c[nH]c2c1=C=C=CC=2)Nc1nnc(-c2ccccn2)[nH]1,2,21,0.618415556108483
O=C(CCC=c1[nH]cc2c1=CC=[SH]C2)Nc1nnc(-c2ccccn2)[nH]1,2,21,0.618415556108483
[NH]SC(=NN=CNC(=O)CCc1c[nH]c2ccccc12)c1ccccn1,2,21,0.618415556108483
O=C(CCC=c1[nH]cc2c1=CC=CC2)Nc1nnc(-c2ccccn2)[nH]1,2,21,0.618415556108483
[NH]C(C=C1C=CCC=N1)=NN=CNC(=O)CCc1c[nH]c2ccccc12,2,21,0.618415556108483
O=C(CCc1cccccc[nH]c1)Nc1nnc(-c2ccccn2)[nH]1,2,21,0.618415556108483
O=C(CNc1c[nH]c2ccccc12)Nc1nnc(-c2ccccn2)[nH]1,2,21,0.618415556108483
COC=CC=CCOCC(=O)N1CCCC2=CON=C(c3ccccn3)N=C21,2,25,0.7376772628153805
COC=CC=CCOCC(=O)NCCC1C=NC(c2ccccn2)=NOC1,2,25,0.7376772628153805
CCOc1ccc(COCC(=O)N2CCCc3c(O)nc(-c4ccccn4)nc32)cc1,2,25,0.7376772628153805
COc1ccc(COCC(=O)N2CCC[PH]3=C(O)N=C(c4ccccn4)N=C23)cc1,2,25,0.7376772628153805
COc1ccc(COCC(=O)N2CCCC3=C(O)OC(c4ccccn4)N=C32)cc1,2,25,0.7376772628153805
NC1=CC(CCNC(=O)COCC2=CC=COCC2)C=NC1c1ccccn1,2,25,0.7376772628153805
COc1ccc(COCC(=O)N2CCCC=C(O)N=C(c3ccccn3)NN2)cc1,2,25,0.7376772628153805
O=CC=CC1=NC(O)=CCC(CNC(=O)COCC2=CC=COCC=C2)C=N1,2,25,0.7376772628153805
COc1ccc(COCC(=O)N2CCCc3c(O)nc(C4=CCNC=N4)nc32)cc1,2,25,0.7376772628153805
N#CC=C1C=CC(COCC(=O)NC=NC(=NC2C3=C=S2C=C3)c2ccccn2)=C1,2,36,0.6220878069663125
O=CN[C@H]1C=CC=Cc2ccc3[nH]c(CNCc4ccc5ccn(Cc6ccccc6)c5c4)c1c3c2,2,2,0.36944530936690284
C=CC=CCNCn1ccc2ccc(CNCc3[nH]c4ccccc4c3[C@H]3NC(=O)c4ccc(O)cc43)cc21,2,2,0.36944530936690284
O=CN[CH]C1NCNCc2ccc3ccn(Cc4ccccc4)c3c2Nc2ccccc21,2,2,0.36944530936690284
O=CN[C@@H](C=C1N=C=CC=C1O)c1c(CNCc2ccc3ccn(Cc4ccccc4)c3c2)[nH]c2ccccc12,2,2,0.36944530936690284
O=CN1[CH]CNCc2ccc3ccn(Cc4ccccc4)c3c2Nc2ccccc21,2,2,0.36944530936690284
[NH]C1=NCN(Cc2ccccc2)C=CC=CC1=CCNCC1=C[C@@H]2CC(O)=CC=C(C(=O)N2)c2ccccc21,2,2,0.36944530936690284
O=CN[CH]C=CCNCC=CC1=CC=CNCC=CC=CC=C1,2,2,0.36944530936690284
O=C1C=CC=C(O)C=N[C@@H](c2c(CNCc3ccc4ccn(Cc5ccccc5)c4c3)[nH]c3ccccc23)N1,2,2,0.36944530936690284
O=CN[C@@H](C=CC1C=CCOCN1)c1c(CNCc2ccc3ccn(Cc4ccccc4)c3c2)[nH]c2ccccc12,2,2,0.36944530936690284
O=CN[C@@H](c1cccc(O)c1)c1c(CNCc2ccc3ccn(Cc4ccccc4)c3c2)[nH]c2ccccc12,2,2,0.36944530936690284
O=CN1C2=NCC=C(O)C2=C[C@H]1c1c(CNCc2ccc3ccn(Cc4ccccc4)c3c2)[nH]c2ccccc12,2,2,0.36944530936690284
c1nsc2c1C2,2,268,0.7644776862907401
CCC1=NSC1c1cc(N)c2cnc(NC(=O)[C@@H]3C[C@H]3C#N)cc2c1,2,268,0.7644776862907401
Cc1cnsc1-c1cc(N)c2cnc(NC(=O)[C@@H]3C[C@H]3C#N)cc2c1,2,268,0.7644776862907401
Cc1ccccc1N1CCN(C(=O)c2csc3c(O)nc(-c4ccccn4)nc23)CC1,2,39,0.6093812226202409
CCN1CCN(C(=O)c2csc3c(O)nc(-c4ccccn4)nc23)C(C)c2ccccc21,2,39,0.6093812226202409
CC(Oc1cccc(C#N)c1)C(=O)N=O,2,22,0.7905006178624121
CC(Oc1cccc(C#N)c1)C(=O)NC1=NN=CC=CC=CC=NC1,2,22,0.7905006178624121
CC1N=C(c2ccccn2)NC(=N)NC(=O)C=C(C#N)C=CC=CO1,2,22,0.7905006178624121
CC(NOc1cccc(C#N)c1)C(=O)Nc1nnc(-c2ccccn2)[nH]1,2,22,0.7905006178624121
CC(Oc1cccc(C#N)c1)C(=O)Nc1nnc(-c2ccccn2)[nH]1,2,22,0.7905006178624121
CC(Oc1cccc(C#N)c1)C1C=CC=NC1=O,2,22,0.7905006178624121
C=C(C#N)C=CCOOC(C)C(=O)Nc1nnc(-c2ccccn2)[nH]1,2,22,0.7905006178624121
CC(Oc1cccc(C#N)c1)C([NH])ONc1nnc(-c2ccccn2)[nH]1,2,22,0.7905006178624121
CC(Oc1cccc(C#N)c1)C(=O)NC=NNN=C([NH])c1ccccn1,2,22,0.7905006178624121
CC(Oc1cccc(C#N)n1)C(=O)Nc1nnc(-c2ccccn2)[nH]1,2,22,0.7905006178624121
CC1(OC=CC=CC(=O)C#N)N=C(c2ccccn2)NC1=O,2,22,0.7905006178624121
CC(Oc1cccc(C#N)c1)C(=O)NC([NH])c1ccccn1,2,22,0.7905006178624121
O=C(Nc1nnc(-c2ccccn2)[nH]1)C1CC#CC=CO1,2,22,0.7905006178624121
N#CC1=C(C(N)=O)CC(c2nnc(-c3ccccn3)[nH]2)OC1,2,22,0.7905006178624121
CC(C#N)C=CC=COC(C)(O)Nc1nnc(-c2ccccn2)[nH]1,2,22,0.7905006178624121
Cc1c(C#N)cccc1C(C)(O)Nc1nnc(-c2ccccn2)[nH]1,2,22,0.7905006178624121
CC(Oc1cccc(C#N)c1)C(=O)Nc1nnc(C2=CC=C=NN2)[nH]1,2,22,0.7905006178624121
N#CC1=CCC(C(=O)Nc2nnc(-c3ccccn3)[nH]2)OC=CC=C1,2,22,0.7905006178624121
CC(OC1=CC=CC(C#N)C1)C(=O)Nc1nnc(-c2ccccn2)[nH]1,2,22,0.7905006178624121
COCOc1cccc(C#N)c1C(=O)Nc1nnc(-c2ccccn2)[nH]1,2,22,0.7905006178624121
CC(Oc1cccc(C#N)c1)C(=O)NCNNN=C([NH])c1ccccn1,2,22,0.7905006178624121
CC(Oc1cccc(C#N)c1)C(=O)NC=C([NH])c1ccccn1,2,22,0.7905006178624121
CC(Oc1cccc(C#N)c1)C(=O)N([NH])N=Cc1ccccn1,2,22,0.7905006178624121
CC(Oc1cccc(C#N)c1)C(=O)N1C=NN=C(C=CC=C=O)N1,2,22,0.7905006178624121
C=C1OC=CC=CC(C#N)=C1C(=O)Nc1nnc(-c2ccccn2)[nH]1,2,22,0.7905006178624121
CC1Oc2ccc(c(C#N)c2)C1C=O,2,22,0.7905006178624121
CC(Oc1cccc(C#N)c1)C(=O)Nc1nnc(C2=C=NCC=N2)[nH]1,2,22,0.7905006178624121
C=CC=CC=NN=CNC(=O)C(C)Oc1cccc(C#N)c1,2,22,0.7905006178624121
N#CC1=CC2(C(=O)Nc3nnc(-c4ccccn4)[nH]3)CC1=CO2,2,22,0.7905006178624121
CC(Oc1cccc(C#N)c1)C(=O)NC=NN=C1C=CC=CC1[NH],2,22,0.7905006178624121
C=C(C#N)C=CC=COC(C)C(=O)Nc1nnc(-c2ccccn2)[nH]1,2,22,0.7905006178624121
C=C(C#N)C=CC=NOC(C)C(=O)Nc1nnc(-c2ccccn2)[nH]1,2,22,0.7905006178624121
C=NC1(C)C=CC=COC(O)(Nc2nnc(-c3ccccn3)[nH]2)C1,2,22,0.7905006178624121
CC1(C(=O)Nc2nnc(-c3ccccn3)[nH]2)CC(C#N)=C=CO1,2,22,0.7905006178624121
CC(Oc1cccc(C#N)c1)C(=O)NC=C=NN=C([NH])c1ccccn1,2,22,0.7905006178624121
CC(Oc1cccc(C#N)c1)C(O)Nc1nnc(-c2ccccn2)[nH]1,2,22,0.7905006178624121
CC(Oc1cccc(C#N)c1)C(=O)NC1=NNC(c2ccccn2)N1,2,22,0.7905006178624121
CC(Oc1cccc(C#N)c1)C(=O)n1cnnc1-c1ccccn1,2,22,0.7905006178624121
CC(Oc1cccc(C#N)c1)C(=O)NC=NN=C(NO)c1ccccn1,2,22,0.7905006178624121
C=C1N=CC=CC1=NN=CNC(=O)C(C)Oc1cccc(C#N)c1,2,22,0.7905006178624121
CC=COc1cccc(C#N)c1C(=O)Nc1nnc(-c2ccccn2)[nH]1,2,22,0.7905006178624121
CC(OC=CC=C1C=C1C#N)C(=O)Nc1nnc(-c2ccccn2)[nH]1,2,22,0.7905006178624121
N#Cc1cccc(OC(N)C(=O)Nc2nnc(-c3ccccn3)[nH]2)c1,2,22,0.7905006178624121
CC(Oc1cccc(C#N)c1)C(=O)NC=NN=CC=CN[NH],2,22,0.7905006178624121
CC(Oc1ccnc(C#N)c1)C(=O)Nc1nnc(-c2ccccn2)[nH]1,2,22,0.7905006178624121
CC(Oc1cccc(C#N)c1)C(=O)NC1NC(c2ccccn2)=NO1,2,22,0.7905006178624121
N#Cc1cccc(OC2CC2c2nnc(-c3ccccn3)[nH]2)c1,2,22,0.7905006178624121
CC1=C(C(=O)Nc2nnc(-c3ccccn3)[nH]2)C(=CC=CCC#N)O1,2,22,0.7905006178624121
CC(C=C(O)Nc1nnc(-c2ccccn2)[nH]1)Oc1cccc(C#N)c1,2,22,0.7905006178624121
CC=C(C#N)CC=COC(C)(O)Nc1nnc(-c2ccccn2)[nH]1,2,22,0.7905006178624121
CC(Oc1cccc(C#N)c1)C(=O)c1nnc(-c2ccccn2)[nH]1,2,22,0.7905006178624121
CC(Oc1cccc(C#N)c1)C(=O)Nc1nnc(C=CC=CC=N)[nH]1,2,22,0.7905006178624121
CC(O)c1cccc(C#N)c1C(=O)Nc1nnc(-c2ccccn2)[nH]1,2,22,0.7905006178624121
CC(Oc1cccc(C#N)c1)C(=O)NC=NN=C([NH])C=C1C=CCNN1,2,22,0.7905006178624121
CC(Oc1cccc(N=N)c1)C(=O)Nc1nnc(-c2ccccn2)[nH]1,2,22,0.7905006178624121
CC(Oc1cccc(C#N)c1)C(=O)N1C=NN=C(CC=CC=N)N1,2,22,0.7905006178624121
CC(Oc1cccc(C#N)c1)C(=O)NC=NN=Cc1ccccn1,2,22,0.7905006178624121
CC(OC=CC=CC(=O)C#N)C(=O)Nc1nnc(-c2ccccn2)[nH]1,2,22,0.7905006178624121
CCc1cccc(C#N)c1C(=O)Nc1nnc(-c2ccccn2)[nH]1,2,22,0.7905006178624121
CC(Oc1cccc(C#N)c1)C(=O)Nc1nnc(C2=CC=CCO2)[nH]1,2,22,0.7905006178624121
CC(Oc1cccc(C#N)c1)C(=O)NC1=NOC(c2ccccn2)N1,2,22,0.7905006178624121
CC(Oc1cccc(CO)c1)C(=O)Nc1nnc(-c2ccccn2)[nH]1,2,22,0.7905006178624121
CC1(OC=CC=CC=O)N=C(c2ccccn2)NC1=O,2,22,0.7905006178624121
C=CC1=NCC(=COC(C)C(=O)Nc2nnc(-c3ccccn3)[nH]2)C=C1,2,22,0.7905006178624121
CC(Oc1cccc(C#N)c1)C(=O)NC=NN=CC=CC=C[NH],2,22,0.7905006178624121
CC(Nc1cccc(C#N)c1)C(=O)Nc1nnc(-c2ccccn2)[nH]1,2,22,0.7905006178624121
CC(Oc1cccc(C#N)c1)C(=O)N=Cc1nnc(-c2ccccn2)[nH]1,2,22,0.7905006178624121
CC(Oc1cccc(C#N)c1)C(N)c1nnc(-c2ccccn2)[nH]1,2,22,0.7905006178624121
CC(Oc1cccc(C#N)c1)C(N)Nc1nnc(-c2ccccn2)[nH]1,2,22,0.7905006178624121
CC1(C#N)C=CC=COC(O)(Nc2nnc(-c3ccccn3)[nH]2)C1,2,22,0.7905006178624121
CC(Oc1cccc(C#N)c1)C(=O)NNNN=C([NH])c1ccccn1,2,22,0.7905006178624121
CC(Oc1cccc(C#N)c1)C(=O)NNc1nnc(-c2ccccn2)[nH]1,2,22,0.7905006178624121
CC(C=NC=O)Oc1cccc(C#N)c1,2,22,0.7905006178624121
CC(OC=CC=CC=O)C(=O)Nc1nnc(-c2ccccn2)[nH]1,2,22,0.7905006178624121
CCOC=CC=CC(C#N)C(=O)Nc1nnc(-c2ccccn2)[nH]1,2,22,0.7905006178624121
CC(Oc1cccc(C#N)c1)C(=O)NC=NN=C1CC=CC=NC1,2,22,0.7905006178624121
CCC(C#N)=CC=COC(C)(O)Nc1nnc(-c2ccccn2)[nH]1,2,22,0.7905006178624121
N#Cc1cccc(OCC(=O)Nc2nnc(-c3ccccn3)[nH]2)c1,2,22,0.7905006178624121
C=C(N)C=CC=COC(C)C(=O)Nc1nnc(-c2ccccn2)[nH]1,2,22,0.7905006178624121
C=C(C#N)C=CC=COC(C)(O)Nc1nnc(-c2ccccn2)[nH]1,2,22,0.7905006178624121
CC(Oc1cccc(C#N)c1)C(=O)NC=NNNC([NH])c1ccccn1,2,22,0.7905006178624121
CC(Oc1cccc(C#N)c1)=C(O)Nc1nnc(-c2ccccn2)[nH]1,2,22,0.7905006178624121
CC(Oc1cccc(C#N)c1)C(=O)NC=NN=C(O)c1ccccn1,2,22,0.7905006178624121
CC(Oc1cccc(C#N)c1)C(=O)NC=NN=C([NH])C=C=C=N,2,22,0.7905006178624121
CC(CCC=O)Oc1cccc(C#N)c1,2,22,0.7905006178624121
CC(OC1C=C(C#N)C=CO1)C(=O)Nc1nnc(-c2ccccn2)[nH]1,2,22,0.7905006178624121
CNC1=NCC(=COC(C)C(=O)Nc2nnc(-c3ccccn3)[nH]2)C=C1,2,22,0.7905006178624121
CC(ONc1nnc(-c2ccccn2)[nH]1)Oc1cccc(C#N)c1,2,22,0.7905006178624121
CC(Oc1cccc(C#N)c1)C(=O)NC=NN=C([NH])C=CC=N,2,22,0.7905006178624121
CC#N,2,22,0.7905006178624121
CC(C=O)OC=CC=CCC#N,2,22,0.7905006178624121
CC(OC=CC=CCC#N)C(=O)Nc1nnc(-c2ccccn2)[nH]1,2,22,0.7905006178624121
CC(Oc1cccc(C=N)c1)C(=O)Nc1nnc(-c2ccccn2)[nH]1,2,22,0.7905006178624121
CC(Oc1cccc(C#N)c1)C(=O)NC=NN=C([NH])C=CC=CC=NO,2,22,0.7905006178624121
COc1cccc(C#N)c1C(=O)Nc1nnc(-c2ccccn2)[nH]1,2,22,0.7905006178624121
CC(Oc1cccc(C#N)c1)C(=O)NC=NN=C1C=CCC=N1,2,22,0.7905006178624121
CC(Oc1cccc(C#N)c1)C(=O)Cc1nnc(-c2ccccn2)[nH]1,2,22,0.7905006178624121
CC(Oc1cccc(C#N)c1)C(=O)NONN=C([NH])c1ccccn1,2,22,0.7905006178624121
CC1N=C(c2ccccn2)NC(=O)CC=C(C#N)C=CC=CO1,2,22,0.7905006178624121
CC(Oc1cccc(C#N)c1)C(=O)NC=NN=C([NH])c1ccccn1,2,22,0.7905006178624121
CC(Oc1cccc(C#N)c1)C1NC1=NN=Cc1ccccn1,2,22,0.7905006178624121
CC(Oc1cccc(C#N)c1)C(=O)NCc1ccccn1,2,22,0.7905006178624121
CC(OC1C=C(C#N)C=CC1)C(=O)Nc1nnc(-c2ccccn2)[nH]1,2,22,0.7905006178624121
CC(Oc1cccc(C#N)c1)C(=O)Nc1nnc(C=CC=CC#N)[nH]1,2,22,0.7905006178624121
CC(OC=C1C=CC(C=N)=NC1)C(=O)Nc1nnc(-c2ccccn2)[nH]1,2,22,0.7905006178624121
CCOC=CC=CCC1N=C(c2ccccn2)NC1=O,2,22,0.7905006178624121
CC(Oc1cccc(C#N)c1)C(=O)Nc1nnc(-c2ncccn2)[nH]1,2,22,0.7905006178624121
CC(Oc1cccc(C#N)c1)C(=O)Nc1nnc(C2=CNCC=N2)[nH]1,2,22,0.7905006178624121
CC(Oc1cccc(C#N)c1)C(=O)N1C=NN(c2ccccn2)N1,2,22,0.7905006178624121
CC1=NCC(OC(C)C(=O)Nc2nnc(-c3ccccn3)[nH]2)=CC=C1,2,22,0.7905006178624121
CC(Oc1cccc(C#N)c1)C(=O)NC=NN=C([NH])C=CCN,2,22,0.7905006178624121
C=NC1=C=CC=C1OC(C)C(=O)Nc1nnc(-c2ccccn2)[nH]1,2,22,0.7905006178624121
O=C(Nc1nnc(-c2ccccn2)[nH]1)C1CC=C=CO1,2,22,0.7905006178624121
C=C(C#N)C=CC=COC1(C)N=C(c2ccccn2)NC1=O,2,22,0.7905006178624121
CC(Oc1cccc(C#N)c1)C(=O)NC=NN=C1CC=CC=N1,2,22,0.7905006178624121
CC(Oc1cccc(C#N)c1)C(=O)NC1=NN=CC=CC=CC=NN1,2,22,0.7905006178624121
CC(CO)c1cccc(C#N)c1C(=O)Nc1nnc(-c2ccccn2)[nH]1,2,22,0.7905006178624121
CC(Oc1cccc(C#N)c1)C(=O)Nc1nnc(C2=CCNC=N2)[nH]1,2,22,0.7905006178624121
CCOC=CC=CCC#N,2,22,0.7905006178624121
CC(OC1=C=NCC(C#N)=C1)C(=O)Nc1nnc(-c2ccccn2)[nH]1,2,22,0.7905006178624121
C=C(C#N)C=CC=CC(=C)C(=O)Nc1nnc(-c2ccccn2)[nH]1,2,22,0.7905006178624121
CC(OC=CC1=CC(C#N)=C1)C(=O)Nc1nnc(-c2ccccn2)[nH]1,2,22,0.7905006178624121
CC(Oc1cccc(C#N)c1)C(=O)Nc1nnc(-c2ccccc2)[nH]1,2,22,0.7905006178624121
CC(Oc1cccc(C#N)c1)C(=O)NC=NNOc1ccccn1,2,22,0.7905006178624121
O=C(Nc1nnc(-c2ccccn2)[nH]1)C1CC=C=CC=CO1,2,22,0.7905006178624121
CC(Oc1cccc(C#N)c1)C(=O)N1C=NN=C2C=CC=CC2N1,2,22,0.7905006178624121
CC(OC=C=O)C(=O)Nc1nnc(-c2ccccn2)[nH]1,2,22,0.7905006178624121
CC(Nc1nnc(-c2ccccn2)[nH]1)OCC=CC(C#N)=CC=O,2,22,0.7905006178624121
CC(OC=C1C=CCN(C#N)C1)C(=O)Nc1nnc(-c2ccccn2)[nH]1,2,22,0.7905006178624121
CC(Oc1cccc(C#N)c1)C(=O)N1C=NC(c2ccccn2)N1,2,22,0.7905006178624121
CC(Oc1cccc(C#N)c1)C(=O)Nc1nnc(C2=CCCC=N2)[nH]1,2,22,0.7905006178624121
C=C(C#N)C=CCOC(C)C(=O)Nc1nnc(-c2ccccn2)[nH]1,2,22,0.7905006178624121
CC(Oc1cccc(C#N)c1)C(=O)NC=NN=CC=CC=N,2,22,0.7905006178624121
CC(Oc1cccc(C#N)c1)C(=O)NC=NN=Nc1ccccn1,2,22,0.7905006178624121
C#N,2,22,0.7905006178624121
CC1Oc2cccc(C#N)c2N=CC=CC=Cc2nnc([nH]2)NC1=O,2,22,0.7905006178624121
CC(Oc1cccc(C#N)c1)C(=O)NC=NN=CC=CC=CC=N[NH],2,22,0.7905006178624121
CN=C=C=CC=COC(C)C(=O)Nc1nnc(-c2ccccn2)[nH]1,2,22,0.7905006178624121
CC(COC=O)Oc1cccc(C#N)c1,2,22,0.7905006178624121
CC(C=CC=N)=NN=CNC(=O)C(C)Oc1cccc(C#N)c1,2,22,0.7905006178624121
NC1=CC(CCNC(=O)C2C=CC=CS(=O)(=O)C2)C=NC1c1ccccn1,2,26,0.7634378538218989
CS(=O)(=O)c1cccc(C(=O)N2CCCC=C3N=C(c4ccccn4)N=C2O3)c1,2,26,0.7634378538218989
CS(=O)(=O)C=CC=CC(=C=O)C(=O)N1CCCc2c(O)nc(-c3ccccn3)nc21,2,26,0.7634378538218989
CS(=O)(=O)c1cccc(C(N)N2CCCc3c(O)nc(-c4ccccn4)nc32)c1,2,26,0.7634378538218989
CS(=O)(=O)c1cccc(C(=O)N2CCC3C=C(O)N=C(c4ccccn4)N=C32)c1,2,26,0.7634378538218989
CSOC=O,2,26,0.7634378538218989
CS(=O)(=O)c1cccc(C(=O)NCCCc2cnc(-c3ccccn3)nc2O)c1,2,26,0.7634378538218989
CS(=O)(=O)C=C1C=CC(C(=O)NCCCC=C(O)N=C(N=C=O)c2ccccn2)=C1,2,26,0.7634378538218989
C=C(C=CC=CS(C)(=O)=O)C(=O)NCC1(CON=Cc2ccccn2)C=N1,2,26,0.7634378538218989
C=C(C=CC=CS(C)(=O)=O)C(=O)N=CCc1cnc(-c2ccccn2)nc1O,2,26,0.7634378538218989
O=C(C1=CCS(=O)(=O)C=CC=C1)N1CCCc2c(O)nc(-c3ccccn3)nc21,2,26,0.7634378538218989
CS(=O)(=O)c1cccc(C(=O)N2PCCc3c(O)nc(-c4ccccn4)nc32)c1,2,26,0.7634378538218989
CS(=O)(=O)c1cccc(C(=O)N2CCCc3c(O)nc(-c4ccccn4)nc32)c1,2,26,0.7634378538218989
CS(=O)(=O)c1cccc(C(=O)N2CCCc3c(O)nc(C=CC=C4C=N4)nc32)c1,2,26,0.7634378538218989
O=S1(=O)C=C=CC=C1,2,26,0.7634378538218989
CS(=O)(=O)C=CC1=CC(C(=O)NCCCc2c(O)nc(-c3ccccn3)nc2OP)=C1,2,26,0.7634378538218989
C=C(CC(=O)N1CCCc2c(O)nc(-c3ccccn3)nc21)S(C)(=O)=O,2,26,0.7634378538218989
CS(=O)(=O)c1cccc(C(=O)N2CCCC3=C(ON)C(c4ccccn4)N=C32)c1,2,26,0.7634378538218989
O=C(N1CCCc2c(O)nc(-c3ccccn3)nc21)C12C=CC1=CS(=O)(=O)C2,2,26,0.7634378538218989
CS(=O)(=O)c1cccc(C(=O)NCCC2c3nc(-c4ccccn4)nc(O)c32)c1,2,26,0.7634378538218989
O=NC(O)=CCCCNC(=O)C1C=CC=CS(=O)(=O)CC=P1,2,26,0.7634378538218989
CS(=O)(=O)c1cccc(C(=O)N2CCCC=C(O)N=C3N=C2c2ccc3nc2)c1,2,26,0.7634378538218989
O=CN=CC1=CCS(=O)(=O)C=CC=C1,2,26,0.7634378538218989
CS(=O)(=O)C=C1C=CC(C(=O)NC2CCc3c(O)nc(-c4ccccn4)nc3N2)=C1,2,26,0.7634378538218989
CC(ON1CCCc2c(O)nc(-c3ccccn3)nc21)C1=CC(=CS(C)(=O)=O)C=C1,2,26,0.7634378538218989
CS(=O)(=O)C=CC=CCC(=O)N1CCCC2=C(O)N=CC=CC=CC=NC=C21,2,26,0.7634378538218989
CS(=O)(=O)c1cccc(N(O)N2CCCc3c(O)nc(-c4ccccn4)nc32)c1,2,26,0.7634378538218989
C=C(C(=O)N1CCCc2c(O)nc(-c3ccccn3)nc21)C1CS1(=O)=O,2,26,0.7634378538218989
O=C(NC1CCC=C2CON=C(c3ccccn3)N=C21)C1C=CC=CS(=O)(=O)C1,2,26,0.7634378538218989
O=C(NCCCC=C(O)N=Cc1ccccn1)C1C=CC=CS(=O)(=O)C1,2,26,0.7634378538218989
C=C(C=CC=CS(C)(=O)=O)C(=O)NCCC1C=C(O)N=C(c2ccccn2)C1,2,26,0.7634378538218989
CC1C(C=CC=CCN)=NC(O)=CC1CCNC(=O)C1C=CC=CS(=O)(=O)C1,2,26,0.7634378538218989
O=S1(=O)C=CC=CCP=CC1,2,26,0.7634378538218989
CS(=O)(=O)SC(=O)N1CCCc2c(O)nc(-c3ccccn3)nc21,2,26,0.7634378538218989
C=C(C=CC=CS(C)(=O)=O)C(=O)N1CCCc2c(O)nc(-c3ccccn3)nc21,2,26,0.7634378538218989
CS(=O)(=O)C=C1C=CC(C(=O)N=C2CCCc3c(O)nc(-c4ccccn4)nc32)=C1,2,26,0.7634378538218989
CS(=O)(=O)C=CC=CCC(=O)NCC1C=NC=CC=CC=NC(O)=CC1,2,26,0.7634378538218989
C=C(C=CC=CS(C)(=O)=O)C(=O)NCCC1C=NC(C=CC=CC)=NC(O)=C1,2,26,0.7634378538218989
CS(=O)(=O)C=C1C=CC(C(=O)NC2C=NC(CON=Cc3ccccn3)=CCC2)=C1,2,26,0.7634378538218989
CS(=O)(=O)c1cccc(C(=O)N2CCCc3c(O)nc(C4=CCPC=N4)nc32)c1,2,26,0.7634378538218989
O=C(c1cccc([SH](=O)=O)c1)N1CCCc2c(O)nc(-c3ccccn3)nc21,2,26,0.7634378538218989
CS(=O)(=O)C=CC=CCC(=O)NCCCC=C1N=CCC=NO1,2,26,0.7634378538218989
C=C(C=CC=CS(C)(=O)=O)C(=O)NCCC1C=NC(c2ccccn2)=NC1O,2,26,0.7634378538218989
CS(=O)(=O)c1cccc(C(=O)N2CCCc3c(O)nc(C4=C=C=CC=N4)nc32)c1,2,26,0.7634378538218989
CS(=O)(=O)C=C1C=CC(C(=O)NC2CC=Cc3c(O)nc(-c4ccccn4)nc32)=C1,2,26,0.7634378538218989
C=C(C=CC=CS(C)(=O)=O)C(=O)NC1CC=NC(c2ccccn2)=NC1O,2,26,0.7634378538218989
CS(=O)(=O)c1cccc(C(=O)N2C=NC(c3ccccn3)=NC(O)=CCCC2)c1,2,26,0.7634378538218989
C=C(C=CC=CS(C)(=O)=O)C(=O)NCc1cnc(-c2ccccn2)nc1O,2,26,0.7634378538218989
C=C(C=CC=CS(C)(=O)=O)C(=O)NC1C=NC2=NC(=CCC1)OCC=C2,2,26,0.7634378538218989
O=CCc1cccc(C(=O)N2CCCc3c(O)nc(-c4ccccn4)nc32)c1,2,26,0.7634378538218989
C=S(C)(=O)C=CCC(=O)N1CCCc2c(O)nc(-c3ccccn3)nc21,2,26,0.7634378538218989
C=PC=NC(=NC(O)=CCCCNC(=O)C1C=CC=CS(=O)(=O)C1)c1ccccn1,2,26,0.7634378538218989
C=C(C(=O)N1CCCc2c(O)nc(-c3ccccn3)nc21)C1=CS(=O)(=O)C1,2,26,0.7634378538218989
C=S1(=O)C=CC(C(=O)N2CCCc3c(O)nc(-c4ccccn4)nc32)=C1,2,26,0.7634378538218989
CS(=O)(=O)c1cccc(C(=O)NCCCc2c3nc(-c4ccccn4)nc2O3)c1,2,26,0.7634378538218989
O=C(NCCc1cnc(-c2ccccn2)nc1O)C1C=CC=CS(=O)(=O)C1,2,26,0.7634378538218989
C=C1C=CC=CS(=O)(=O)CC12CCCc1c(O)nc(-c3ccccn3)nc12,2,26,0.7634378538218989
CS(=O)(=O)C=CC=CCC(=O)N1CCCc2c(O)nc(-c3ccccn3)nc21,2,26,0.7634378538218989
O=C(NCCC1C=NC(c2ccccn2)C(O)=C1)C1C=CC=CS(=O)(=O)C1,2,26,0.7634378538218989
CS(=O)(=O)C=C1C=CC(C(=O)NC2CCCS3=C(O)N=C(c4ccccn4)N=C23)=C1,2,26,0.7634378538218989
O=S1(=O)C=CC=CC=NC1,2,26,0.7634378538218989
C=C(C=CCS(C)(=O)=O)C(=O)N1CCCc2c(O)nc(-c3ccccn3)nc21,2,26,0.7634378538218989
C=C(C=CC=CS(C)(=O)=O)C12CCCC(=C(O)N=Cc3ccccn3)C1=N2,2,26,0.7634378538218989
CS(=O)(=O)c1cccc(C(=O)N2CC=Nc3c(O)nc(-c4ccccn4)nc32)c1,2,26,0.7634378538218989
C=CC=CC(=NC=O)Nc1csc2ccccc12,2,24,0.6447758701831339
O=c1nc(C2N=CC=CO2)[nH]c2c1sc1ccccc12,2,24,0.6447758701831339
O=CN=C(C=C1C=C=NC=N1)Nc1csc2ccccc12,2,24,0.6447758701831339
N=CC=CC=Cc1nc(=O)c2sc3ccccc3c2[nH]1,2,24,0.6447758701831339
O=c1nc(-c2ccccn2)[nH]c2c1SS1=CC=CC=C21,2,24,0.6447758701831339
C1=CCON=C1,2,37,0.8009873065672737
N=C1OC(N=CC2=CC(O)C=CC=N2)=C=C=CS1,2,37,0.8009873065672737
Cn1ccnc1CC1(N)N=c2c(F)c(-c3cc(O)cc4ccccc34)ncc2=C1N1CC2CCC(C1)N2,1,48,0.4747042976497913
Cc1cc(-c2ncc3c(N4CC5CCC(C4)N5)nc(OCCc4nccn4C)nc3c2F)c2ccccc2c1,1,48,0.4747042976497913
C=CC(=O)N1CCN(c2nc(OC[C@@H]3CCCN3C)nc3c2CCN(c2cc(O)cc4ccccc24)C3)CC1,1,0,0.5908850460165602
C=CC(=O)N1CCN(c2nc(OC[C@@H]3CCCN3C)ncc2CCN=Cc2cc(O)cc3ccccc23)CC1,1,0,0.5908850460165602
C=CC(=O)N1CCN(c2nc(OC[C@@H]3CCCN3C)ncc2CCN=Nc2cc(O)cc3ccccc23)CC1,1,0,0.5908850460165602
C#CC(=O)N1CCN(c2nc(OC[C@@H]3CCCN3C)nc3c2CCN(c2cc(O)cc4ccccc24)C3)CC1,1,0,0.5908850460165602
C=CC(=O)NCCNC=NC(=NCCCN(CCC)c1cc(O)cc2ccccc12)OC[C@@H]1CCCN1C,1,0,0.5908850460165602
C=CC[CH]C=O,1,0,0.5908850460165602
CCN1C=NC(OC[C@@H]2CCCN2C)=C=CC(=O)NCC1,1,0,0.5908850460165602
C=CC(=O)N1CCN(c2nc(OC[C@@H]3CCCN3C)nc3c2CCN(c2cc4ccc2C(=CC)CO4)C3)CC1,1,0,0.5908850460165602
C=CC(=O)NCCN(C)c1nc(OC[C@@H]2CCCN2C)nc2c1CCN(c1cc(O)cc3ccccc13)C2,1,0,0.5908850460165602
C=CC(=O)N1CCN(c2nc(OC[C@@H]3CCCN3C)nc3c2CCN(C=CC(O)=Cc2c#cccc2)C3)CC1,1,0,0.5908850460165602
C=CC(=O)NC1CCN(C=NC(C=NC2=CCCN(c3cc(O)cc4ccccc34)C2)OC[CH]C2CC[CH]N2)C1,1,0,0.5908850460165602
O=C1C=C2CCN2CCN1,1,0,0.5908850460165602
C=CC(=O)N1CCN(C=NC(=NC2=C(CCNc3cc(O)cc4ccccc34)C2)OC[C@@H]2CCCN2C)CC1,1,0,0.5908850460165602
CN(C=CC=O)CCc1cnc(OC[C@@H]2CCCN2C)nc1N1CCC=CC(=O)NCC1,1,0,0.5908850460165602
C=COC=O,1,0,0.5908850460165602
CN1CCC[C@H]1COC(=O)N=CN1CCC=CC(=O)NCC1,1,0,0.5908850460165602
C=CC(=O)NCC1CCN1c1nc(OC[C@@H]2CCCN2C)ncc1CCN(C#CP)c1cc(O)cc2ccccc12,1,0,0.5908850460165602
C=CC(=O)NCCN=O,1,0,0.5908850460165602
C=CC(=O)NC1CCN(C=NC(=NC=C(CC)CN(C)c2cc(O)cc3ccccc23)OC[C@@H]2CCCN2C)C1,1,0,0.5908850460165602
C=CC(=O)N1CCC2c3[nH]n(c(=NCOC[C@@H]4CCCN4C)c3CCN2c2cc(O)cc3ccccc23)CC1,1,0,0.5908850460165602
C=CC(=O)NCCNc1nc(OC[C@@H]2CCCN2C)ncc1CCNC=CC(O)=Cc1ccccc1,1,0,0.5908850460165602
C=CC(=O)N1CCN(c2nc(OC[C@@H]3[CH]CCN3C)nc3c2CCN(c2cc(O)cc4ccccc24)C3)CC1,1,0,0.5908850460165602
C=CC(=O)NC1CCN(C=NC(C=NC2=CCCN(c3cc(O)cc4ccccc34)C2)ONC[C@@H]2CCCN2)C1,1,0,0.5908850460165602
C=CC(=O)NCCN1C=NCC[C@@H]2CCCN2C=NC2=C1CCN(c1cc(O)cc3ccccc13)C2CC,1,0,0.5908850460165602
C=CC(=O)N1CCN(c2nc(OC[C@@H]3CCCN3C)nc3c2CNN(c2cc(O)cc4ccccc24)C3)CC1,1,0,0.5908850460165602
C=CC(=O)N1CCC2c3nc(OC[C@@H]4CCCN4C)nc(c3CCNc3cc(O)cc4ccccc34)N2CC1,1,0,0.5908850460165602
C=CC(=O)N1CCN(c2nc(OC[C@@H]3CCCN3C)nc3c2CCN(c2cc(O)cc4c2=C=C=CC=4)C3)CC1,1,0,0.5908850460165602
C=CC(=O)NCN(CC)c1nc(OC[C@@H]2CCCN2C)nc2c1CCN(c1cc(O)cc3ccccc13)C2,1,0,0.5908850460165602
C=CC(=O)N1CCN(c2nc(OC[C@@H]3CNCN3C)nc3c2CCN(c2cc(O)cc4ccccc24)C3)CC1,1,0,0.5908850460165602
CN1CCc2cnc(OC[C@@H]3CCCN3C)nc2N2CCNC(=O)C=C1CC2,1,0,0.5908850460165602
C=CC(=O)NCC1CCN1c1nc(OC[C@@H]2CCCN2C)ncc1C1CN(C=CC(O)=CC=CC2=CC=CCO2)C1,1,0,0.5908850460165602
C=CC(=O)NC1CCC2c3nc(OC[C@@H]4CCCN4C)nc(c3CCNc3cc(O)cc4ccccc34)CN2C1,1,0,0.5908850460165602
C=CC(=O)N1CCN(C2=NC(OC[C@@H]3CCCN3C)OC3=C2CCN(c2cc(O)cc4ccccc24)C3)CC1,1,0,0.5908850460165602
C=CC(=O)NC1CCN(c2nc(OC[C@@H]3CCCN3C)ncc2CCN(C)C=C2c3ccccc3COC2P)C1,1,0,0.5908850460165602
C=CC(=O)NC1CCN(c2nc(OC[C@@H]3CCCN3C)ncc2C=CCN(C)c2cc(O)cc3ccccc23)C1,1,0,0.5908850460165602
CN1CCC[C@H]1COc1nc2c(c(N3CCC=CC(=O)NCC3)n1)CCN(c1cc(O)cc3ccccc13)C2,1,0,0.5908850460165602
C=CC(=O)NC1CCN(c2nc(OC[C@@H]3CCCN3C)ncc2CCN(C)C=C2C(O)=CC=C3C=CC=CC32)C1,1,0,0.5908850460165602
C=CC(=O)N1CCN1c1nc(OC[C@@H]2CCCN2C)nc2c1CCN(c1cc(O)cc3ccccc13)C2,1,0,0.5908850460165602
C=CC(=O)N1CCN(c2nc(OC[C@@H]3CCCN3C)nc3c2CCN(c2cccccccc(O)c2)C3)CC1,1,0,0.5908850460165602
C=CC(=O)NC1CCN(c2nc(OC[C@@H]3CCCN3C)nc3c2CCN(c2cc(O)cc4ccccc24)C3)CN1,1,0,0.5908850460165602
C=CC(=O)NCCN(C=NC(=NC1=CCCN(c2cc(O)cc3ccccc23)C1)OC[CH]CCCC)CC,1,0,0.5908850460165602
C=CC(=O)NCCN(C)C=NC(OC1CCCN1C=N)C1=CCCN(c2cc(O)cc3ccccc23)C1C,1,0,0.5908850460165602
C=CC(=O)N1CCN([PH]2=NC(OC[C@@H]3CCCN3C)=NC3=C2CCN(c2cc(O)cc4ccccc24)C3)CC1,1,0,0.5908850460165602
C=CC(=O)NCC1CCN1C=NC1[CH]OOC[C@@H]2CCCN2C=NC2=C1CCN(c1cc(O)cc3ccccc13)C2,1,0,0.5908850460165602
C=CC(=O)NCCN1NC(OC[C@@H]2CCCN2C)=NC(=CCCNc2cc(O)cc3ccccc23)C1CC,1,0,0.5908850460165602
C=CC(=O)N1CCN(c2nc(OC[C@@H]3CCCN3C)nc3c2CCN(c2cc(O)cc4cnccc24)C3)CC1,1,0,0.5908850460165602
CN1C=CC(O)=CC=C2C=C3CCN(CCNC3=O)c3nc(OC[C@@H]4CCCN4C)ncc3C(C2)C1,1,0,0.5908850460165602
C=CC(=O)N1CCN(C2=NC3CN(C=NC4=C2CCN(c2cc(O)cc5ccccc25)C4)[C@@H](CC)CO3)CC1,1,0,0.5908850460165602
C=CC(=O)NCC1CCN1c1nc(OC[C@@H]2CCCN2C)ncc1CCN(CPP)c1cc(O)cc2ccccc12,1,0,0.5908850460165602
C=CC(=O)N1CCN(c2nc(OC[C@@H]3CCCN3C)nc3c2CCN(C=CC(O)=CC2=CC4=CC4O2)C3)CC1,1,0,0.5908850460165602
C=CC(=O)N1CCN(c2nc(OC[C@@H]3CCCN3C)nc3c2CCN(c2cc(O)cc4ccccc24)C3)CN1,1,0,0.5908850460165602
CC(=O)N1CCN(c2nc(OC[C@@H]3CCCN3C)nc3c2CCN(c2cc(O)cc4ccccc24)C3)CC1,1,0,0.5908850460165602
C=CC(=O)N1CCN(c2nc(OC[C@@H]3CCCN3C)nc3c2C2CN(C3)C3=CC2OCC=CC=CC=C3)CC1,1,0,0.5908850460165602
C=CC(=O)NCC1C2=C(CN(c3cc(O)cc4ccccc34)CC2)N=C(OC[C@@H](C)NC)N=CN1CC,1,0,0.5908850460165602
C=CCC=O,1,0,0.5908850460165602
C=CC(=O)NCC1CCN1c1nc(OC[C@@H]2CCCN2C)ncc1C1CN(C=CC(O)=CC=CC2=CC=C=NO2)C1,1,0,0.5908850460165602
C=CC(=O)NCCN(C)c1nc(OC[C@@H]2CCCN2C)ncc1CCN1C=CC(O)=C2C=CC=CC21C,1,0,0.5908850460165602
C=CC(=O)NCC1CCN1c1nc(OC[C@@H]2CCCN2C)ncc1C1CN(C=CC#CCOCc2ccccc2)C1,1,0,0.5908850460165602
C=CC(=O)NCCNc1nc(OC[C@@H]2CCCN2C)ncc1CCN(CC)c1cc(O)cc2ccccc12,1,0,0.5908850460165602
C=CC(=O)NCCN(CC)c1nc2ncc1CC1C3=CC(C)C=C(C=CN1CCN1CCC[C@H]1CO2)O3,1,0,0.5908850460165602
C=CC(=O)NCCN(C)c1nc(OC[C@@H]2CCCN2C)ncc1CN(CC)c1cc(O)cc2ccccc12,1,0,0.5908850460165602
C=CC(=O)NCCN(C=NC(=NC1=CCCN(c2cc(O)cc3ccccc23)C1)OC[C@@H]1CCCN1)CC,1,0,0.5908850460165602
C=C1CCN(c2nc(OC[C@@H]3CCCN3C)ncc2C2CC=CC=C(O)C=CN(C)C2)CCNC1=O,1,0,0.5908850460165602
C=CC(=O)N1CCN(c2nc(OC[C@@H]3CCCN3C)nc3c2CCN(C2=CC(O)=CC4=CC=CCN42)C3)CC1,1,0,0.5908850460165602
C=CC(=O)NCCN(C)C=NC(OC1[CH]CCN1C=N)C1=CCCN(c2cc(O)cc3ccccc23)C1C,1,0,0.5908850460165602
C=CC(=O)NC1CCN(c2nc(OC[C@@H]3CCCN3C)ncc2CC=CN(C)c2cc(O)cc3ccccc23)C1,1,0,0.5908850460165602
C=CC(=O)NC1CCN(c2nc(OC[C@@H]3CCCN3C)ncc2CCN(C)C=C2C=CC=CCC#CC=C2O)C1,1,0,0.5908850460165602
C=CC(=O)N1CCN(c2nc(OC[C@@H]3CCCN3C)nc3c2CCN(C2=C[C@@H](O)Cc4ccccc42)C3)CC1,1,0,0.5908850460165602
C=CC(=O)NCC1CCN1C=NC#COOC[C@@H]1CCCN1C=NC1=CCCN(c2cc(O)cc3ccccc23)C1,1,0,0.5908850460165602
C=CC(=O)NCCNc1nc(OC[C@@H]2CCCN2C)ncc1CCNCc1cc(O)cc2ccccc12,1,0,0.5908850460165602
C=CC1CCN(c2nc(OC[C@@H]3CCCN3C)nc3c2CCN(c2cc(O)cc4ccccc24)C3)CCN1,1,0,0.5908850460165602
C=CC(=O)NCCN(C)c1nc(OC[C@@H]2CCCN2C)ncc1CCNC=C1CCOCc2ccccc21,1,0,0.5908850460165602
C=CC(=O)N1CCN(c2nc(OC[C@@H]3C=NCN3C)nc3c2CCN(c2cc(O)cc4ccccc24)C3)CC1,1,0,0.5908850460165602
C=CC(=O)N1CCN(c2nc(OC[C@@H]3CCCN3C)nc3c2CCN(C2=CC4=C2C(=CC=CC)CO4)C3)CC1,1,0,0.5908850460165602
C=CC(=O)N1CCN(c2nc(OC[C@@H]3CCCN3C)nc3c2CCN(C2=CC4=CC=CC=C2CCO4)C3)CC1,1,0,0.5908850460165602
C=C1CCCC2C=CC=C(O)C=CNCC2c2cnc(OC[C@@H]3CCCN3C)nc2NCCNC1=O,1,0,0.5908850460165602
C=C=C=O,1,0,0.5908850460165602
C=CC(=O)NCCN(C=NC(=NC1=CCCN(c2cc(O)cc3ccccc23)C1)OC[C@@H]1CCC=N1)CC,1,0,0.5908850460165602
C=C1CCC2c3nc(OC[C@@H]4CCCN4C)nc(c3CCN2c2cc(O)cc3ccccc23)CC1=O,1,0,0.5908850460165602
C=CC(=O)NC1CCC(c2nc(OC[C@@H]3CCCN3C)nc3c2CCN(c2cc(O)cc4ccccc24)C3)=NC1,1,0,0.5908850460165602
C=CC(=O)N1CCN(c2nc(OC[C@@H]3CCCN3C)nc3c2CCN(c2cc4ccccccc2o4)C3)CC1,1,0,0.5908850460165602
C=CC(=O)N1CCN(c2nc(OC[CH]CCCNC)nc3c2CCN(c2cc(O)cc4ccccc24)C3)CC1,1,0,0.5908850460165602
C=CC(=O)C1CCN(c2nc(OC[C@@H]3CCCN3C)nc3c2CCN(c2cc(O)cc4ccccc24)C3)CC1,1,0,0.5908850460165602
C=CC(=O)N1CCN(c2nc(OC[C@@H]3CCCN3C)ncc2CCN(P)c2cc(O)cc3ccccc23)CC1,1,0,0.5908850460165602
C=CC(=O)NC1CCN(Cc2nc(OC[C@@H]3CCCN3C)nc3c2CCN(c2cc(O)cc4ccccc24)C3)C1,1,0,0.5908850460165602
CC=CC(=O)N1CCN(c2nc(OC[C@@H]3CCCN3C)nc3c2CCN(c2cc(O)cc4ccccc24)C3)CC1,1,0,0.5908850460165602
C=CC(=O)NCCN1CC[CH]C2CN(c3cc(O)cc4ccccc34)Cc3nc(OC[C@@H]4CCCN4C)nc1c32,1,0,0.5908850460165602
C=CC(=O)NCC=Nc1nc(OC[C@@H]2CCCN2C)ncc1C1C=CCC=C(O)C=CNC1,1,0,0.5908850460165602
C=C1CN(c2nc(OC[C@@H]3CCCN3C)ncc2CCN2C=CC(O)=C3CC=CC=C32)CCNC1=O,1,0,0.5908850460165602
CN1CCC[C@H]1COc1nc2c(c(N3C=CC=CC(=O)NCC3)n1)CCN(c1cc(O)cc3ccccc13)C2,1,0,0.5908850460165602
CN1CCC[C@H]1COc1nc2c(c(N3CCN(C(=O)C=N)CC3)n1)CCN(c1cc(O)cc3ccccc13)C2,1,0,0.5908850460165602
CCN1C=NC(OC[C@@H]2CCCN2C)=NC=C(CN(C)c2cc(O)cc3ccccc23)C=CC(=O)NCC1,1,0,0.5908850460165602
C=CC(=O)NCCN(C)C=NC(C[C@@H]1CCCN1C=N)C1=CCCN(c2cc(O)cc3ccccc23)C1C,1,0,0.5908850460165602
C=CC(=O)NCCN(CC)c1nc(OC[C@@H]2CCCN2C)ncc1CCNc1cc(O)cc2ccccc12,1,0,0.5908850460165602
C=CC(=O)NCCN(C)c1nc(OC[C@@H]2CCCN2C)ncc1CCN1C=CC(C)Cc2ccccc21,1,0,0.5908850460165602
C=CC(=O)N1CCN(c2nc(OC[C@@H]3CCCN3C)nc3c2CCN(C#CC(O)=Cc2ccccc2)C3)CC1,1,0,0.5908850460165602
C=CCCC=O,1,0,0.5908850460165602
C=CC(=O)NC1CCN(c2nc(OC[C@@H]3CCCN3C)ncc2CCN(C)C=C2NC(O)=Cc3ccccc32)C1,1,0,0.5908850460165602
C=CC(=O)N1CCN(C2=NC(OC[C@@H]3CCCN3C)=NC3CN(c4cc(O)cc5ccccc45)CCP23)CC1,1,0,0.5908850460165602
C=CC(=O)NCCN(CC)c1nc(OC[C@@H]2CCCN2C)ncc1CN(C)c1cc(O)cc2ccccc12,1,0,0.5908850460165602
C=C1CN(c2cc(O)cc3ccccc23)CCC2(C=CC(=O)N3CCN(C=N2)CC3)OC[CH]CCCNC=N1,1,0,0.5908850460165602
O=CN1CCC=CC(=O)NCC1,1,0,0.5908850460165602
C=CC(=O)N1CCN(c2nc(OC[C@@H]3CCCN3C)nc3c2CCN(c2c#ccccccc(O)c2)C3)CC1,1,0,0.5908850460165602
C=CC(=O)N1CCN2C3=NC(OC[CH]CCCN)(C=NC4=C3CCN(c3cc(O)cc5ccccc35)C4)C2C1,1,0,0.5908850460165602
C=CC(=O)N1CCNc2nc(OC[C@@H]3CCCN3C)nc3c2CCN(c2cc(O)cc4ccccc24)C3CC1,1,0,0.5908850460165602
C=CC(=O)NCCN(CC)c1nc(OC[C@@H]2CCCN2C)ncc1CCN(C)C=CC(O)=C1C#CCC=C1,1,0,0.5908850460165602
C=CC(=O)NCC1NC=NCOC[CH]CCC=NC2=C1CCN(c1cc(O)cc3ccccc13)C2CC,1,0,0.5908850460165602
C=CC(=O)N1CCN(c2nc(OC[C@@H]3CCCN3C)nc3c2CCN(C2=CC(O)=CC4[CH]C=CC=C24)C3)CC1,1,0,0.5908850460165602
C=CC(=O)N1CCN(c2nc(OC[C@@H]3CCCN3C)ncc2CCN(C)c2cc(O)cc3ccccc23)CC1,1,0,0.5908850460165602
C=CC(=O)N1CCN(c2nc(OC[C@@H]3CCCN3C)nc3c2CCN(C2=CC(O)=C=NCC=CC=C2)C3)CC1,1,0,0.5908850460165602
C=CC(=O)N1CCN(C2=NC(OC[CH]CCCN=CN)C3=C2CCN(c2cc(O)cc4ccccc24)C3)CC1,1,0,0.5908850460165602
C=CC(=O)NCC1C2=C(CN(c3cc(O)cc4ccccc34)CC2)N=CC(OC=CCN)N=CN1CC,1,0,0.5908850460165602
CN1CCC[C@H]1COC1=NC2=CCCN(c3cc(O)cc4ccccc34)C2CCN2CCN[C@@H](C=CC2=O)N1,1,0,0.5908850460165602
C=CC(=O)N1CCN(c2nc(OCC=NCCNC)nc3c2CCN(c2cc(O)cc4ccccc24)C3)CC1,1,0,0.5908850460165602
C=CC(=O)N1CCN(c2nc(OC[C@@H]3CCCN3C)cc3c2CCN(c2cc(O)cc4ccccc24)C3)CC1,1,0,0.5908850460165602
C=CC(=O)NCC1CCN1C=NC1NOOC[C@@H]2CCCN2C=NC2=C1CCN(c1cc(O)cc3ccccc13)C2,1,0,0.5908850460165602
C=CC(=O)N1CCN(C2=N[PH](OC[C@@H]3CCCN3C)=NC3=C2CCN(c2cc(O)cc4ccccc24)C3)CC1,1,0,0.5908850460165602
C=CC(=O)N1CCN(c2nc(OC[C@@H]3CCCN3C)nc3c2NCN(c2cc(O)cc4ccccc24)C3)CC1,1,0,0.5908850460165602
C=CC(=O)NCC1CCN1C=NC1OOOC[C@@H]2CCCN2C=NC2=C1CCN(c1cc(O)cc3ccccc13)C2,1,0,0.5908850460165602
C=CC(=O)NCCN(C)c1nc(OC[C@@H]2CCCN2C)ncc1CCNC=CC(O)=CC=C1C=CC=CO1,1,0,0.5908850460165602
C=CC(=O)NC1CN(c2nc(OC[C@@H]3CCCN3C)nc3c2CCN(c2cc(O)cc4ccccc24)C3)CCN1,1,0,0.5908850460165602
C=CC(=O)NC1CCN(c2nc(OC[C@@H]3CCCN3C)ncc2CCN(C)Cc2cc(O)cc3ccccc23)C1,1,0,0.5908850460165602
C=CC(=O)N1CCN(C2=NN(OC[C@@H]3CCCN3C)NC3=C2CCN(c2cc(O)cc4ccccc24)C3)CC1,1,0,0.5908850460165602
C=CC(=O)N1CCN(c2nc(OC[C@@H]3CCCN3C)nc3c2CON(c2cc(O)cc4ccccc24)C3)CC1,1,0,0.5908850460165602
C=CC(=O)CCN(CC)c1nc(OC[C@@H]2CCCN2C)nc2c1CCN(c1cc(O)cc3ccccc13)C2,1,0,0.5908850460165602
C=CC(=O)N1CCN(c2nc(OC[CH]CC3CN3C)nc3c2CCN(c2cc(O)cc4ccccc24)C3)CC1,1,0,0.5908850460165602
C=CC(=O)NCCN(C=NC(C[C@@H]1CCCN1C)=NC1=CCCN(c2cc(O)cc3ccccc23)C1)CC,1,0,0.5908850460165602
C=CC(=O)NCC=Nc1nc(OC[C@@H]2CCCN2C)nc2c1CCN(c1cc(O)cc3ccccc13)C2,1,0,0.5908850460165602
C=CC(=O)N1CCN(C2=NC(OC[C@@H]3CCCN3C)=NC3CN(c4cc(O)cc5ccccc45)CCN23)CC1,1,0,0.5908850460165602
CN1C2CC[C@H]1COc1ncc(c(N3CCC=CC(=O)NCC3)n1)CCN(C=CC(O)=CC=O)C2,1,0,0.5908850460165602
C=CC(=O)NCCN(C)c1nc(OC[C@@H]2CCCN2C)ncc1CCN(C)c1cc(O)cc2ccccc12,1,0,0.5908850460165602
CN1CCC[C@H]1COC1=NC2=CC(=O)NCCN(C=N1)CC2,1,0,0.5908850460165602
O=C1C=CC2N=C(C3=C(CN(c4cc(O)cc5ccccc45)CC3)N=CN3CCC[C@H]3CO2)N2CCN1CC2,1,0,0.5908850460165602
C=CC(=O)NCCNc1nc(OC[C@@H]2CCCN2C)ncc1CCNc1cc(O)cc2ccccc12,1,0,0.5908850460165602
C=CC(=O)NCCNc1nc(OC[C@@H]2CCCN2C)ncc1CC1C=CC=CC=C(O)C=CN1,1,0,0.5908850460165602
C=CC(=O)NC1C=CN(c2nc(OC[C@@H]3CCCN3C)nc3c2CCN(c2cc(O)cc4ccccc24)C3)C1,1,0,0.5908850460165602
C=CC(=O)N1CCN(C=NC(=NC#CCCN(C)c2cc(O)cc3ccccc23)OC[C@@H]2CCCN2C)CC1,1,0,0.5908850460165602
O=C1C=CCCN(C=NC2(c3cc(O)cc4ccccc34)CC3([CH]CCC3)O2)CCN1,1,0,0.5908850460165602
C=CC(=O)N1CCN(c2nc(OCC=CCCNC)nc3c2CCN(c2cc(O)cc4ccccc24)C3)CC1,1,0,0.5908850460165602
C=CC(=O)NCCN(CC)c1nc2ncc1CC1C3=CC4=CC=C(C=CN1CC4N1CCC[C@H]1CO2)O3,1,0,0.5908850460165602
C=CC(=O)N1CCN(c2nc(OC[C@@H]3CCCN3C)nc3c2CCN(C=CC(O)=Cc2ccccc2)C3)CC1,1,0,0.5908850460165602
C=CC(=O)N1CCN(c2nc(OC[C@@H]3CCCN3C)nc3c2CCN(C2=CC(O)=CC4=CC=CC[C@H]42)C3)CC1,1,0,0.5908850460165602
C=CC(=O)N1CCN(c2nc(OC=NCCCNC)nc3c2CCN(c2cc(O)cc4ccccc24)C3)CC1,1,0,0.5908850460165602
C=CC(=O)NCCN1C=NCOC[CH]CCCNNC2=C1CCN(c1cc(O)cc3ccccc13)C2CC,1,0,0.5908850460165602
C=CC(=O)NCCN(CC)c1nc(OC[C@@H]2CCCN2C)ncc1CCN(C)C=CC(O)=CC=CC=C=O,1,0,0.5908850460165602
CCC1c2nc(OC[C@@H]3CCCN3C)nc(N3C=CC(=O)NCC3)c2CCN1c1cc(O)cc2ccccc12,1,0,0.5908850460165602
CN1CCC2CN(C=CC(=O)O)CCc3cnc(nc3N3CCC=CC(=O)NCC3)OC[C@H]21,1,0,0.5908850460165602
C=CC(=O)N1CCN(c2nc(OC[C@@H]3CCCN3C)nc3c2CCN(OCC(O)=Cc2ccccc2)C3)CC1,1,0,0.5908850460165602
CCC(=O)N1CCN(c2nc(OC[C@@H]3CCCN3C)nc3c2CCN(c2cc(O)cc4ccccc24)C3)CC1,1,0,0.5908850460165602
C=C(C=O)N(CC)c1nc(OC[C@@H]2CCCN2C)nc2c1CCN(c1cc(O)cc3ccccc13)C2,1,0,0.5908850460165602
C=CC(=O)N1CCN(c2nc(OC[C@@H]3CCCN3C)nc3c2CCN(c2cc(O)cc4c2=CCN=C=4)C3)CC1,1,0,0.5908850460165602
C=CC(=O)NCCN(CC)c1nc(OC[C@@H]2CCCN2C)ncc1CCN(C)CC(O)=Cc1ccccc1,1,0,0.5908850460165602
C=CC(=O)N1CCN(C2=NC(OC[C@@H]3CCCN3C)=NOC2CCN(C)c2cc(O)cc3ccccc23)CC1,1,0,0.5908850460165602
C=CC(=O)NCCN(CC)NC(=NC1=CCCN(c2cc(O)cc3ccccc23)C1)OC[C@@H]1CCCN1C,1,0,0.5908850460165602
C=CC(=O)NC1CCN(C=NC(O)OC[C@@H]2CCCN2C=NC2=CCCN(c3cc(O)cc4ccccc34)C2)C1,1,0,0.5908850460165602
C=CC(=O)NCCN(C)c1nc(OC[C@@H]2CCCN2C)ncc1CCNc1cc(O)ccccccc1C,1,0,0.5908850460165602
C=C1NCCC[CH]COC2C=NC3=C(CCN(c4cc(O)cc5ccccc45)C3)C(=N2)N2CCN(CC2)C1=O,1,0,0.5908850460165602
O=C1C2=C3N=CN4CCC[C@H]4COOC1C=CCCC3N(c1cc(O)cc3ccccc13)CC2,1,0,0.5908850460165602
C=CC(=O)NC1CCPN(c2nc(OC[C@@H]3CCCN3C)ncc2CCN2Cc3c(O)cc4ccccc4c32)C1,1,0,0.5908850460165602
[CH]C(C=C)N1CCN(c2nc(OC[C@@H]3CCCN3C)nc3c2CCN(c2cc(O)cc4ccccc24)C3)CC1,1,0,0.5908850460165602
C=CC(=O)N1CCN(c2nc(OC[C@@H]3CCCN3C)nc3c2CCN(c2cc(O)cc4ccccc24)C3)CP1,1,0,0.5908850460165602
C=C1CN(c2nc(OC[C@@H]3CCCN3C)ncc2CCN2C=CC(O)=C3C=C=CC=C32)CCNC1=O,1,0,0.5908850460165602
C=CC(=O)N1CCN(C2=NC(OC[C@@H]3CCCN3C)=NC3CN(c4cc(O)cc5ccccc45)CCC23)CC1,1,0,0.5908850460165602
C=CC(=O)NC1CC#CN(c2nc(OC[C@@H]3CCCN3C)nc3c2CCN(c2cc(O)cc4ccccc24)C3)C1,1,0,0.5908850460165602
C=CC(=O)NCCN(C=C)c1nc(OC[C@@H]2CCCN2C)nc2c1CCN(c1cc(O)cc3ccccc13)C2,1,0,0.5908850460165602
C=CC(=O)NC1CCN(c2nc(OC[C@@H]3CCCN3C)ncc2CCN(C)C=C=CC(O)=Cc2ccccc2)C1,1,0,0.5908850460165602
C=CC(O)N1CCN(c2nc(OC[C@@H]3CCCN3C)nc3c2CCN(c2cc(O)cc4ccccc24)C3)CC1,1,0,0.5908850460165602
C=CC(=O)N1CCN(c2nc(OC[C@@H]3CCCN3C)nc3c2CCN(c2cc(O)cc4ccccc24)C3)OC1,1,0,0.5908850460165602
C=C1C(=O)N2CCN(CC2)c2nc(nc3c2CCN(c2cc(O)cc4ccccc24)C3)OC[CH]CCCN1C,1,0,0.5908850460165602
C=CC(=O)NCC1CCN1c1nc(OC[C@@H]2CCCN2C)ncc1CCN(C=CP)c1cc(O)cc2ccccc12,1,0,0.5908850460165602
O=C1C=C=N1,1,0,0.5908850460165602
C=CC(=O)NCCN(CC)c1nc(OC[C@@H]2CCCN2C)nc2c1CCN(c1cc(O)cc3ccccc13)C2,1,0,0.5908850460165602
C=CC(=O)NCC1C(CCN)=C2CC(c3cc(O)cc4ccccc34)(N=CN1CC)OC[CH]CCC=N2,1,0,0.5908850460165602
CN1CCC[C@H]1COC(N=CN1CCC=CC(=O)NCC1)=NC=C=O,1,0,0.5908850460165602
C=CC(=O)NC1[CH]CN(c2nc(OC[C@@H]3CCCN3C)nc3c2CCN(c2cc(O)cc4ccccc24)C3)CC1,1,0,0.5908850460165602
C=CC(=O)NCCN(CC)c1nc(OC[C@@H]2CCCN2C)ncc1CCN1CC(O)=Cc2ccccc2C1,1,0,0.5908850460165602
CN1CC2C[C@H]1COc1ncc(c(N3CCC=CC(=O)NCC3)n1)CCN(C=CC(O)=C=O)C2,1,0,0.5908850460165602
C=CC(=O)NC1CCN(c2nc(OC[C@@H]3CCCN3C)ncc2CCN(CC)c2cc(O)cc3ccccc23)C1,1,0,0.5908850460165602
C=CC=CCC1=C(C=CN(C)CCc2cnc(OC[C@@H]3CCCN3C)nc2N(CC)CCNC(=O)C=C)O1,1,0,0.5908850460165602
C=C=O,1,0,0.5908850460165602
C=CC(=O)N1CCN(c2nc(OC[C@@H]3CCCN3N)nc3c2CCN(c2cc(O)cc4ccccc24)C3)CC1,1,0,0.5908850460165602
C=CC(=O)NCCN(CC)c1nc(OC[C@@H]2CCCN2C)ncc1CCN(C)C=CCCc1ccccc1,1,0,0.5908850460165602
CP=CC(=O)N1CCN(c2nc(OC[C@@H]3CCCN3C)nc3c2CCN(c2cc(O)cc4ccccc24)C3)CC1,1,0,0.5908850460165602
C=CC(=O)N1CCN(c2nc(OC[C@@H]3CCCN3C)nc3c2CCN(c2cc(N)cc4ccccc24)C3)CC1,1,0,0.5908850460165602
C=CC(=O)NCCN(C=NC(=NC1=CCCN(c2cc(O)cc3ccccc23)C1)O[C@@H]1CCCN1C)CC,1,0,0.5908850460165602
C=CC(=O)NC1CCN(c2nc(OC[C@@H]3CCCN3C)ncc2CCN(C)C=C2c3ccccc3COC2O)C1,1,0,0.5908850460165602
[CH]c1cc(N2CCc3c(nc(OC[C@@H]4CCCN4C)nc3N3CCN(C(=O)C=C)CC3)C2)c2ccccc2c1,1,0,0.5908850460165602
CN1C=CC(O)=C2C=C3CCN(CCNC3=O)c3nc(OC[C@@H]4CCCN4C)ncc3C(C=CC2)C1,1,0,0.5908850460165602
C=CC(=O)NCC1C2=C(CN(c3cc(O)cc4ccccc34)CC2)C(OC[CH]CCCN)N=CN1CC,1,0,0.5908850460165602
C=CC1(CCNc2nc(OC[C@@H]3CCCN3C)nc3c2CCN(c2cc(O)cc4ccccc24)C3)CC1,1,0,0.5908850460165602
C=C1CCN2C=NC(OC[CH]CN)=NC3=C(CCN(c4cc(O)cc5ccccc45)C3)C(C2)NC1=O,1,0,0.5908850460165602
O=C1C=CONCCN1,1,0,0.5908850460165602
C=CC=NC=O,1,0,0.5908850460165602
C=CC(=O)NC1CCNN(c2nc(OC[C@@H]3CCCN3C)nc3c2CCN(c2cc(O)cc4ccccc24)C3)C1,1,0,0.5908850460165602
C=CC(=O)N1CCN(c2nc(OC[C@@H]3C#CCN3C)nc3c2CCN(c2cc(O)cc4ccccc24)C3)CC1,1,0,0.5908850460165602
C=CC(=O)NCCNc1nc(OC[C@@H]2CCCN2C)ncc1CCNC=CC(O)=C1C=CC=CC1,1,0,0.5908850460165602
C=CC(=O)N1CCN(c2nc(OC[C@@H]3CCCN3C)nc3c2CCN(c2cc(O)cc4ccccc24)C3)NC1,1,0,0.5908850460165602
C=C1CCN2C=NC(OC=CNC)=NC3=C(CCN(c4cc(O)cc5ccccc45)C3)C(C2)NC1=O,1,0,0.5908850460165602
C=CC(=O)NCC(CC)c1nc(OC[C@@H]2CCCN2C)nc2c1CCN(c1cc(O)cc3ccccc13)C2,1,0,0.5908850460165602
C=CC(=O)NC1CCN(c2nc(OC[C@@H]3CCCN3C)ncc2CCN(C)C=CC(O)=CC=CC=CC=C=O)C1,1,0,0.5908850460165602
C=CC(=O)NCCNc1nc(OC[C@@H]2CCCN2C)ncc1CCN1C=CC(O)=CC=CC=CC1,1,0,0.5908850460165602
C=C[C@@H](O)N1CCN(c2nc(OC[C@@H]3CCCN3C)nc3c2CCN(c2cc(O)cc4ccccc24)C3)CC1,1,0,0.5908850460165602
C=CC(=O)NCCN1CCOC2CN(c3cc(O)cc4ccccc34)Cc3nc(OC[C@@H]4CCCN4C)nc1c32,1,0,0.5908850460165602
CN(CCc1cnc(OC[C@@H]2CCCN2C)nc1CN1C=CC(=O)NCC1)c1cc(O)cc2ccccc12,1,0,0.5908850460165602
C=CC(=O)N1CCN(c2nc(OC[C@@H]3CCCN3C)nc3c2CCN(c2cc(O)ccccc4cc2-4)C3)CC1,1,0,0.5908850460165602
C=CC(=O)N1CCN(c2nc(OC[C@@H]3CCCN3C)nnc2CCN(C)c2cc(O)cc3ccccc23)CC1,1,0,0.5908850460165602
C=CC(=O)N1CCN(C2PC(OC[C@@H]3CCCN3C)=NC3=C2CCN(c2cc(O)cc4ccccc24)C3)CC1,1,0,0.5908850460165602
C=CC(=O)NCC1CCN1C=NC(=NC=C=C=CCCN(C)c1cc(O)cc2ccccc12)OC[C@@H]1CCCN1C,1,0,0.5908850460165602
C=CC(=O)NCCN(C)NC(=NC1=CCCN(c2cc(O)cc3ccccc23)C1C)OC[C@@H]1CCCN1C,1,0,0.5908850460165602
C=C1CN(c2nc(OC[C@@H]3CCCN3C)ncc2CCN2CC(O)=Cc3ccccc32)CCNC1=O,1,0,0.5908850460165602
C=CC(=O)NC1CCN(c2nc(OC[C@@H]3CCCN3C)ncc2CCN(C)C=C2C=CC=CC=C=CC=C2O)C1,1,0,0.5908850460165602
C=CC(=O)N1CCN(c2nc(CC[C@@H]3CCCN3C)nc3c2CCN(c2cc(O)cc4ccccc24)C3)CC1,1,0,0.5908850460165602
C=CC(=O)N1CCN(c2nc(OC[C@@H]3CCCN3C)nc3c2C#CN(c2cc(O)cc4ccccc24)C3)CC1,1,0,0.5908850460165602
C=CC(=O)N1CCN(C#CC(=NC2=CCCN(c3cc(O)cc4ccccc34)C2)OC[C@@H]2CCCN2C)CC1,1,0,0.5908850460165602
C=C=CN1CCN(c2nc(OC[C@@H]3CCCN3C)nc3c2CCN(c2cc(O)cc4ccccc24)C3)CC1,1,0,0.5908850460165602
C=CC(=O)NCC1CCN1c1nc(OC[C@@H]2CCCN2C)ncc1C1CN(C=CC2CCOCc3ccccc32)C1,1,0,0.5908850460165602
C=CC(=O)N1CCN(c2nc(OC[C@@H]3CCCN3C)nc3c2CCN(C2=CCOCc4ccccc42)C3)CC1,1,0,0.5908850460165602
C=CC(=O)NC1CCN(c2nc(OC[C@@H]3CCCN3C)ncc2CCN(C)C=C=NCOCc2ccccc2)C1,1,0,0.5908850460165602
C=CC(=O)N1CCN(c2nc(OC[C@@H]3CCCN3C)nc3c2CCN(C2=C=C(O)Cc4ccccc42)C3)CC1,1,0,0.5908850460165602
C=CC(=O)NCC1C2=C(CN(c3cc(O)cc4ccccc34)CC2)N=C(OCCCNC)N=CN1CC,1,0,0.5908850460165602
C=CC(=O)N1CCN(C2=NC(O)C[C@@H]3CCCN3C=NC3=C2CCN(c2cc(O)cc4ccccc24)C3)CC1,1,0,0.5908850460165602
C=CC(=O)N1CCN(c2nc(OC[C@@H]3CCCN3C)ncc2CCN2Cc3c(O)cc2c2ccccc32)CC1,1,0,0.5908850460165602
C=CC(=O)NC1CCN(c2nc(OC[C@@H]3CCCN3C)ncc2CCN(C)C=C2OCOCc3ccccc32)C1,1,0,0.5908850460165602
CN1CCC[C@H]1COC(N=CN1CCNC(=O)C=CCCP1)=NC=CO,1,0,0.5908850460165602
C=CC(=O)NCC1CCN1c1nc(OC[C@@H]2CCCN2C)ncc1C1CN(C=CC2[CH]COCc3ccccc32)C1,1,0,0.5908850460165602
C=C1CN(c2nc(OC[C@@H]3CCCN3C)ncc2CCN2C=CC(O)=C3C=CC=C=C32)CCNC1=O,1,0,0.5908850460165602
C=CC(=O)N1CCN(c2nc(OO[C@@H]3CCCN3C)nc3c2CCN(c2cc(O)cc4ccccc24)C3)CC1,1,0,0.5908850460165602
C=CC(=O)N1C[CH]N(c2nc(OC[C@@H]3CCCN3C)nc3c2CCN(c2cc(O)cc4ccccc24)C3)CC1,1,0,0.5908850460165602
C=CC(=O)NCCN(CC)C1CCCN(C=NC2=CCCN(c3cc(O)cc4ccccc34)C2)[CH]COO1,1,0,0.5908850460165602
C=CC(=O)NCC1CCN1c1nc(OC[C@@H]2CCCN2C)ncc1C1CN(C=CC2PCOCc3ccccc32)C1,1,0,0.5908850460165602
C=C1CCN2C=NC(OC(C)NC)=NC3=C(CCN(c4cc(O)cc5ccccc45)C3)C(C2)NC1=O,1,0,0.5908850460165602
C=CC(=O)NC1CCN(c2nc(OC[C@@H]3CCCN3C)ncc2CCN(C)C=C2C(O)=NCc3ccccc32)C1,1,0,0.5908850460165602
C=CC(=O)N1CCN(c2nc(OC[C@@H]3CC=CN3C)nc3c2CCN(c2cc(O)cc4ccccc24)C3)CC1,1,0,0.5908850460165602
C=CC(=O)NCC1CCN1C=NC1COOC[C@@H]2CCCN2C=NC2=C1CCN(c1cc(O)cc3ccccc13)C2,1,0,0.5908850460165602
C=CC(=O)NCCNc1nc2ncc1CC1NC=CC3=CC=CCC1(O3)C(CC)CN1CCC[C@H]1CO2,1,0,0.5908850460165602
C=CC(=O)N1CCCc2nc(OC[C@@H]3CCCN3C)nc3c2CCN(c2cc(O)cc4ccccc24)C3CC1,1,0,0.5908850460165602
C=CC(=O)N1CCN(c2nc(OC[C@@H]3CCCN3C)ncc2CCN(P)C2=CCOCc3ccccc32)CC1,1,0,0.5908850460165602
CN1CCC[C@H]1COc1nc2c(c(N3CCN(C(=O)C=O)CC3)n1)CCN(c1cc(O)cc3ccccc13)C2,1,0,0.5908850460165602
C=CC(=O)N1CCN(c2nc(OC[C@@H]3CCCN3O)nc3c2CCN(c2cc(O)cc4ccccc24)C3)CC1,1,0,0.5908850460165602
C=CC(=O)N1CCN(c2nc(OC[C@@H]3CCCN3C)nc3c2CC[C@@H](c2cc(O)cc4ccccc24)C3)CC1,1,0,0.5908850460165602
C=CC(=O)N1CCN(c2nc(OC[C@@H]3CCCN3C)nc3c2CCN(c2cc(O)cc4c2=CCOC=4)C3)CC1,1,0,0.5908850460165602
C=CC(=O)N1CCN(c2nc(OC[C@@H]3CCCN3C)nc3c2CCN(c2nc(O)cc4ccccc24)C3)CC1,1,0,0.5908850460165602
C=CC(=O)N1CCN(c2nc(OC[C@@H]3CCCN3C)nc3c2CCN(C2=CC(O)=CC4=CC=CCC42)C3)CC1,1,0,0.5908850460165602
CN1CCC[C@H]1COc1ncnc(N2CCC=CC(=O)NCC2)n1,1,0,0.5908850460165602
C=CC(=O)NCCN(C)C=NC(OC[C@@H]1CCCN1N)C1=CCCN(c2cc(O)cc3ccccc23)C1C,1,0,0.5908850460165602
C=CC(=O)N1CCN(ONC(=NC2=CCCN(c3cc(O)cc4ccccc34)C2)OC[C@@H]2CCCN2C)CC1,1,0,0.5908850460165602
CN1CCC[C@H]1COc1nc#cc(N2CCC=CC(=O)NCC2)n1,1,0,0.5908850460165602
C=CC(=O)NCC1C2=C(CN(c3cc(O)cc4ccccc34)CC2)N=C(OCC=CNC)N=CN1CC,1,0,0.5908850460165602
C=CC(=O)NC1CCPN(c2nc(OC[C@@H]3CCCN3C)ncc2CCN2Cc3ccc4cc(O)cc2c4c3)C1,1,0,0.5908850460165602
CN1CCC[C@H]1COc1ncc(C=O)c(N2CCC=CC(=O)NCC2)n1,1,0,0.5908850460165602
C=CC(=O)N=NCCN(CC)c1nc(OC[C@@H]2CCCN2C)nc2c1CCN(c1cc(O)cc3ccccc13)C2,1,0,0.5908850460165602
C=CC(=O)NCCN1CCC2c3nc(OC[C@@H]4CCCN4C)nc1c3CCN2c1cc(O)cc2ccccc12,1,0,0.5908850460165602
C=C1CN(c2nc(OC[C@@H]3CCCN3C)ncc2CCN2C=C(O)Cc3ccccc32)CCNC1=O,1,0,0.5908850460165602
C=CC(=O)NCC1CCN1c1nc(OC[C@@H]2CCCN2C)ncc1CCN(C[CH]P)c1cc(O)cc2ccccc12,1,0,0.5908850460165602
CN1CCC[C@H]1COc1nc2c(c(N3CCN(C=O)CC3)n1)CCN(c1cc(O)cc3ccccc13)C2,1,0,0.5908850460165602
C=CON1CCN(c2nc(OC[C@@H]3CCCN3C)nc3c2CCN(c2cc(O)cc4ccccc24)C3)CC1,1,0,0.5908850460165602
C=CC(=O)N1CCN(C=NC2=NC3=C(CCN(c4cc(O)cc5ccccc45)C3)C3CC[C@@H](CO2)N3C)CC1,1,0,0.5908850460165602
C=CC(=O)N1CCN2CC1N(C)CCC[CH]COc1nc3c(c2n1)CCN(c1cc(O)cc2ccccc12)C3,1,0,0.5908850460165602
C=CC(=O)N1CCN(c2nc(OC[CH]CCC=NC)nc3c2CCN(c2cc(O)cc4ccccc24)C3)CC1,1,0,0.5908850460165602
C=CC(=O)N1CCN(c2nc(OC[C@@H]3NCCN3C)nc3c2CCN(c2cc(O)cc4ccccc24)C3)CC1,1,0,0.5908850460165602
N[CH]COC1=NC2=C(CCN(c3cc(O)cc4ccccc34)C2)N2CCN(C=N1)CCC=CC2=O,1,0,0.5908850460165602
CN1CCC[C@H]1C1CN(C=C=O)CCc2cnc(nc2N2CCC=CC(=O)NCC2)O1,1,0,0.5908850460165602
C=CC(=O)N1CCN(c2nc(OC[C@@H]3CCCN3C)nc3c2CCN(c2cc(O)cc4ccccc24)P3)CC1,1,0,0.5908850460165602
C=CC(=O)N1CCN(c2nc(OC[C@@H]3CCCN3C)nc3c2CCN(c2ccccc#ccc(O)c2)C3)CC1,1,0,0.5908850460165602
C=CC(=O)N1CCN(c2nc(OC[C@@H]3CCCN3C)nc3c2CCN(c2cccccncc(O)c2)C3)CC1,1,0,0.5908850460165602
C=CC(=O)N1CCN(C2=NOOC[C@@H]3CCCN3C=NC3=C2CCN(c2cc(O)cc4ccccc24)C3C)C1,1,0,0.5908850460165602
C=CC(=O)NCC1CCN1c1nc(OC[C@@H]2CCCN2C)ncc1C1CN(C=CC(O)=CC=CC2=CC=C=CO2)C1,1,0,0.5908850460165602
C=CC(=O)N1CCN(c2nc(OC[C@@H]3CCCN3C)nc3c2CCN(c2cc(O)cc4c2=CNCC=4)C3)CC1,1,0,0.5908850460165602
C=CC(=O)NCC=Nc1nc(OC[C@@H]2CCCN2C)ncc1CCN1C=CC(O)=C2C=CCC=C21,1,0,0.5908850460165602
C=CC(=O)NCCN(CC)c1nc2ncc1CC1C3=CC=C=C=C(C=CN1CCN1CCC[C@H]1CO2)O3,1,0,0.5908850460165602
C=CC(=O)N1C=CN(c2nc(OC[C@@H]3CCCN3C)nc3c2CCN(c2cc(O)cc4ccccc24)C3)CC1,1,0,0.5908850460165602
O=C1NCCN2C=NC3C=NC4=C(CCN(c5cc(O)cc6ccccc56)C4)C1=C3CC2,1,0,0.5908850460165602
CCN1CCNC(=O)C=CC(OCc2ccccc2)=CN(C)CCc2cnc(OC[C@@H]3CCCN3C)nc21,1,0,0.5908850460165602
C=CC(=O)NC1CCN(C=NC(C=NC2=CCCN(c3cc(O)cc4ccccc34)C2)OC[C@@H]2CCCN2C)C1,1,0,0.5908850460165602
C=CC(=O)NCC1CCN1C=NC(=NC=CN=CCCN(C)c1cc(O)cc2ccccc12)OC[C@@H]1CCCN1C,1,0,0.5908850460165602
C=CC(=O)N1CCN(c2nc(OC[C@@H]3OCCN3C)nc3c2CCN(c2cc(O)cc4ccccc24)C3)CC1,1,0,0.5908850460165602
C=CC=C(O)N1CCN(c2nc(OC[C@@H]3CCCN3C)nc3c2CCN(c2cc(O)cc4ccccc24)C3)CC1,1,0,0.5908850460165602
C=CC(=O)N1CCN(c2nc(OC[C@@H]3CCCN3C)nc3c2CCN(C2=CC(O)=C=C=CC=CC=C2)C3)CC1,1,0,0.5908850460165602
C=CC(=O)[CH]N1CCN(c2nc(OC[C@@H]3CCCN3C)nc3c2CCN(c2cc(O)cc4ccccc24)C3)CC1,1,0,0.5908850460165602
C#CON1CCN(c2nc(OC[C@@H]3CCCN3C)nc3c2CCN(c2cc(O)cc4ccccc24)C3)CC1,1,0,0.5908850460165602
O=C1C=CCCC2C(=CCCN2c2cc(O)cc3ccccc23)N=CN2CCC[C@H]2COO1,1,0,0.5908850460165602
CN1CCC[C@H]1COC=NC1=C=COCc2ccccc2N2[C@@H]3CC[C@H]2CN1C3,1,6,0.5294256172685204
FCC(N=CC=C(N=COCC1CCCCCN1)N1CC2CCC(C1)N2)c1cccc2cccc(Cl)c12,1,73,0.4685618612539091
N=C1C(C=C(N=COC2CCCCCC2N)N2CC3CCC(C2)N3)=NC=C(c2cccc3cccc(Cl)c23)C1F,1,73,0.4685618612539091
N#CN=CC=C(N=COCC1CCCCCN1)N1CC2CCC(C1)N2,1,73,0.4685618612539091
NC1(COc2nc(N3C=C4CCC(C3)N4)c3cnc(-c4cccc5cccc(Cl)c45)c(F)c3n2)CCCCC1,1,73,0.4685618612539091
Fc1c(-c2cccc3cccc(Cl)c23)ncc2c(N3CC4CCC(C3)N4)nc(OCC3CCCCC3)nc12,1,73,0.4685618612539091
Cn1ccnc1C1C(=NCN2C[C@H]3CC[C@@H](C2)N3)N=C2C(F)=C(c3cc(O)cc4ccccc34)N=CC21,1,8,0.4747042976497913
Cn1ccnc1CCOc1nc(N2C[C@@H]3[CH][C@@H](CC3)C2)c2cnc(-c3cc(O)cc4ccccc34)c(F)c2n1,1,8,0.4747042976497913
C[C@@H]1CC[C@H](CC(N=COCCc2nccn2C)=C2C=NC(c3cc(O)cc4ccccc34)=C(F)C2=N)N1,1,8,0.4747042976497913
Cn1ccnc1COc1nc(N2C[C@H]3CC[C@@H](C2)N3)c2cnc(-c3cc(O)cc4ccccc34)c(F)c2n1,1,8,0.4747042976497913
Cn1ccnc1CCOC1=NC2C[C@H]3CC[C@@H](CN2)N3C2C=NC(c3cc(O)cc4ccccc34)=C(F)C2=N1,1,8,0.4747042976497913
OCC(CO)COc1nc(N2CC3CCC(C2)N3)c2cnc(-c3cccc4cccc(Cl)c34)c(F)c2n1,1,72,0.4701980063603768
N=C1CN2C3CCCC2C(N=COCC(CO)CO)(C=NC(c2cccc4cccc(Cl)c24)=C1F)N3,1,72,0.4701980063603768
OCC(CO)COc1nc(N2CC3CCC(C2)N3)c2c(n1)N(F)C(c1cccc3cccc(Cl)c13)N=C2,1,72,0.4701980063603768
OCC(CO)COC=NC(=CF)N1CC2CCC(C1)N2,1,72,0.4701980063603768
C=C(Cl)C=CCC#CC=CC1=C(F)C(=N)N2C3CCC2CC(C3)C(N=CO[C@H](CO)CCO)=CC=N1,1,104,0.45729285768181444
OCC[C@@H](CO)OC1=NC(C2CC3CCC(C2)N3)=C=C=NC(c2cccc3cccc(Cl)c23)=C(F)C=N1,1,104,0.45729285768181444
N=C1C(F)=C(N=CO[C@H](CO)CCO)CC2CCCCC2C1C=NCc1cccc2cccc(Cl)c12,1,104,0.45729285768181444
OCC[C@@H](CO)OC=NC(=CC=NC(=C=CCF)c1cccc2cccc(Cl)c12)C1CC2CCC(C1)N2,1,104,0.45729285768181444
OCC[C@@H](CO)Oc1nc(C2CC3CCC(C2)N3)c2cnc(-c3cccccccc(Cl)c3)c(F)c2n1,1,104,0.45729285768181444
N=C1C(C=C(N=CO[C@H](CO)CCO)C2CC3CCC(C2)N3)=NC(C2=CC=CC=C3C=CC(Cl)=C2O3)=C1F,1,104,0.45729285768181444
NC(C=CC=CC=CC=CCCl)N=CC=C(N=CO[C@H](CO)CCO)C1CC2CCC(C1)N2,1,104,0.45729285768181444
N=C1C(F)=C(c2cccc3cccc(Cl)c23)N=CC1=C(N=CO[C@H](CO)CCO)C1CC2CCC(C1)N2,1,104,0.45729285768181444
O=C(O)CCOc1nc(N2CC3CCC(C2)N3)c2cnc(-c3cccc4cccc(Cl)c34)c(F)c2n1,1,108,0.5160770453138848
C=c1ccccc1=C(C=CO)c1ncc2c(N3CC4CCC(C3)N4)nc(OCCc3ncccn3)nc2c1F,1,53,0.4726209779119317
Fc1c(C2C=CC=CC=COC=C2)ncc2c(N3CC4CCC(C3)N4)nc(OCCc3ncccn3)nc12,1,53,0.4726209779119317
Nc1cc(-c2ncc3c(N4CC5CCC(C4)N5)nc(OCCc4ncccn4)nc3c2F)c2ccccc2c1,1,53,0.4726209779119317
CC1CC=C(NC2=NC(OCCc3ncccn3)=NC3=CC(F)(C=CO)C=NC3=C2)N1,1,53,0.4726209779119317
C(=CC(=NCCNOCCc1ncccn1)N1CC2CCC(C1)N2)N=CC1=c2ccccc2=COC=C1,1,53,0.4726209779119317
Oc1cc(-c2ncc3c(N4CC5CCC(C4)N5)nc(OCCc4ncccn4)nc3c2F)c2ccccc2c1,1,53,0.4726209779119317
OC1=CC(c2ncc3c(N4CC5CCC(C4)N5)nc(OCCc4ncccn4)nc3c2F)=C2C=CC=CC2O1,1,53,0.4726209779119317
Oc1cc(-c2ncc3c(N4CC5CCC(C4)N5)nc(OCCc4ccccn4)nc3c2F)c2ccccc2c1,1,53,0.4726209779119317
CC1CCC(C=Nc2nc(OCCc3ncccn3)nc3c(F)c(-c4cc(O)cc5ccccc45)ncc23)N1,1,53,0.4726209779119317
C=CN=C(N=C(C=CN=CC(F)C=CO)NC1CCC2CC(C1)N2)OCCc1ncccn1,1,53,0.4726209779119317
N#CC=C(N)SC=C(F)C=CC1=CSC2C3CCC(CN2c2ncnc4c(F)c1c(Cl)cc24)N3,1,19,0.5397581241634744
N#CC=C(N)SC=C(F)C=CC1(F)C=CN=CNN2C3CCC2CN(CC(CCl)=C1)C3,1,19,0.5397581241634744
N#CC=C(N)[SH]1C=C(F)C=CC(C#CC=c2c(N3CC4CCC(C3)N4)ncnc2=CF)=C1,1,19,0.5397581241634744
N#CC=C1C=CC(c2c(Cl)cc3c(N4CC5CCC(C4)N5)ncnc3c2F)=CC(=CF)SNC1,1,19,0.5397581241634744
N#CC=C1NC(F)=CN=CC(Cl)C=CC(Cl)=CCC=CC(F)=CS1,1,19,0.5397581241634744
N#Cc1c(N)sc2c(F)ccc(-c3c(Cl)cc4c(N5CC#CCC(N)C5)ncnc4c3F)c12,1,19,0.5397581241634744
N#Cc1c(N)sc2c(F)ccc(-c3c(Cl)cc4c(N5CC6=CC(CC6)C5)ncnc4c3F)c12,1,19,0.5397581241634744
N#Cc1c(N)sc2c(F)ccc(-c3c(Cl)cc4c(N5COCCC(N)C5)ncnc4c3F)c12,1,19,0.5397581241634744
CC=CC(F)=CSC(N)=CC#N,1,19,0.5397581241634744
N#CC=C(N)SC=C(F)C=C1C=CN=CN=C(NCCC2CC2)C=CC(Cl)=CC1F,1,19,0.5397581241634744
C=C(C=CC(F)=CSC(N)=CC#N)C=C(Cl)C=C=CN1C=CCCC1,1,19,0.5397581241634744
N#CC=C(N)SC=C(F)C=CC1C=C(Cl)C2=CC3(C=NC2=C1F)CC1CCC(N3)N1N,1,19,0.5397581241634744
C=C(C=CC(F)=CSC(N)=CC#N)C=C(Cl)C=C=CN1CCC2CC21,1,19,0.5397581241634744
Cc1c(-c2ccc(F)c3sc(N)c(C#N)c23)c(Cl)cc2c(N3CC4CCC(C3)N4)ncnc12,1,19,0.5397581241634744
N#Cc1c(N)sc2c(F)ccc(-c3c(Cl)cc4c(c3F)C4NCC3CCCCN3NC=N)c12,1,19,0.5397581241634744
FC1CN=C(N2CC3CCC(C2)N3)C=CN=CC2=c3ccccc3=COC=C21,1,15,0.6275096700759475
OC=CC(F)C=NC=C1C(N2CC3CCC(C2)N3)=NC=NC1F,1,15,0.6275096700759475
OC=CC(c1ncc2c(N3CC4CCC(C3)N4)ncnc2c1F)=c1ccccc1=CF,1,15,0.6275096700759475
Oc1cc(-c2ncc3c(N4CC5CCC(C4)N5)ncnc3c2F)c2ccccc2c1,1,15,0.6275096700759475
Oc1cc(-c2ncc3c(N4CC5=CC(CC5)C4)ncnc3c2F)c2ccccc2c1,1,15,0.6275096700759475
CCC(COC=NC(=CC=C(F)C(C=CC1OCOCc2ccccc21)=C(F)C=N)N1CC2CCC(C1)N2)CN(C)C,1,4,0.4680169749016315
CN(C)CC1(COC2=NC(N3CC4CCC(C3)N4)C3C=C(F)C(c4cc(O)cc5ccccc45)=C(F)C3=N2)CC1,1,4,0.4680169749016315
CN(C)C1(COc2nc(N3CC4CCC(C3)N4)c3cc(F)c(-c4cc(O)cc5ccccc45)c(F)c3n2)CC1,1,4,0.4680169749016315
CN(C)CC1CCC1OC=NC(=CC1=C(F)C(c2cc(O)cc3ccccc23)=C(F)CC1=N)N1CC2CCC(C1)N2,1,4,0.4680169749016315
CN(C)CC1CCC1OC=NC(=Cc1c(F)c(-c2cc(O)cc3ccccc23)cn(F)c1=N)N1CC2CCC(C1)N2,1,4,0.4680169749016315
CN(C)C1CCC1COC=NC1=CC=CC(c2cc(O)cc3ccccc23)=C(F)C(=N)N2C3CCC2CN1C3,1,4,0.4680169749016315
CN(C)CC1=CCCC1OC=NC(=CC=C(F)C(=C=NCF)c1cc(O)cc2ccccc12)N1CC2CCC(C1)N2,1,4,0.4680169749016315
CN(C)C1CN(C2=NCN3CC4CCC(C3)N4C3C=NC(c4cc(O)cc5ccccc45)=C(F)C3=N2)C1,1,7,0.5540252819269074
CCN(CCN(C)C)c1nc(N2CC3CCC(C2)N3)c2cnc(-c3cc(O)cc4ccccc34)c(F)c2n1,1,7,0.5540252819269074
CN1CCN(C=NC(=CC=NC(F)c2cc(O)cc3ccccc23)N2CC3CCC(C2)N3)CC1,1,7,0.5540252819269074
CC1NN(C2=c3cnc(-c4cc(O)cc5ccccc45)c(F)c3=NC(CN(C)C)N(C)C=N2)C1C,1,7,0.5540252819269074
CN(C)C1CN(c2nc(N3CC4CCC(C3)N4)c3cnc(-c4cc(O)cc5ccccc45)c(F)c3n2)C1=N,1,7,0.5540252819269074
CN(C)CCOC=NC(=CC=NCc1cc(O)cc2ccccc12)N1C[C@H]2CC[C@@H](C1)N2,1,16,0.5409039984070652
Oc1cc(-c2ncc3c(nc(OCC4(C(F)(F)F)CC4)ncc2F)NCC2CCC(C3)N2)c2ccccc2c1,1,96,0.4647716261033592
C=c1c(=CC=C=NCC(=C[C@@H](NC=O)c2cccc(O)c2)Nc2ccccc2)ccn1Cc1ccccc1,2,2,0.36944530936690284
Oc1nc(-c2ccccn2)nc2c1CN=[SH]2,2,28,0.6860289468652685
Oc1nc(C2N=CC=CO2)nc2sccc12,2,28,0.6860289468652685
O=C(NCCOC(CO)c1nccs1)c1csc2c(O)nc(-c3ccccn3)nc12,2,31,0.6304056959240253
C=C(N=CC=CCO)c1nc(O)c2ccsc2n1,2,29,0.747298469359388
OCC=CC1=NC(S)C=NC(O)=c2ccsc2=N1,2,29,0.747298469359388
NC1COC=C1c1nc(O)c2ccsc2n1,2,29,0.747298469359388
OC=NC(=NCCC=CC(F)=CCCF)c1ccccn1,2,42,0.6694699793437331
N=CC=CC1=Nc2c(-c3cc(F)cc(F)c3)csc2OC=N1,2,42,0.6694699793437331
FCC=CC1CN=C2N=COC1c1cccnc12,2,42,0.6694699793437331
CSCc1c(F)cc(F)cc1CN=CCN=C(N=CO)c1ccccn1,2,42,0.6694699793437331
Fc1cc(F)cc(-c2csc3c2N=C(c2ccccn2)N=CO3)c1,2,42,0.6694699793437331
FC1=CC(F)=C2CSC3OC=NC1c1cc3cc2n1,2,42,0.6694699793437331
Oc1nc(C2=C[SH]=CC=N2)nc2c(-c3cc(F)cc(F)c3)csc12,2,42,0.6694699793437331
NC1OC=NC(c2ccccn2)=NCC(c2cc(F)cc(F)c2)=CS1,2,42,0.6694699793437331
OC=NC1=Nc2c(-c3cc(F)cc(F)c3)csc2-c2ccnc1c2,2,42,0.6694699793437331
Oc1ccccn1,2,42,0.6694699793437331
O=COc1csc2c(O)nc(-c3ccccn3)nc12,2,38,0.5778201434942767
O=C(C=CSCCl)N1CCN(c2ccc(O)c(Cl)c2)CC1,2,38,0.5778201434942767
O=C(C=CSc1cnc(-c2ccccn2)nc1O)N1CCN(c2ccc(O)c(Cl)c2)CC1,2,38,0.5778201434942767
CCN(CCC(=O)c1csc2c(O)nc(-c3ccccn3)nc12)c1ccc(O)c(Cl)c1,2,38,0.5778201434942767
CCN(CCC(=O)C=c1scc2c1=NC(c1ccccn1)=NOC2)c1ccc(O)c(Cl)c1,2,38,0.5778201434942767
O=C(NC1C=NCc2ccc(O)c(Cl)c2CC1)c1csc2c(O)nc(-c3ccccn3)nc12,2,38,0.5778201434942767
CCCN=O,2,32,0.6249620044663522
C=CC=CCN1CCCN(C(=O)c2csc3c(O)nc(-c4ccccn4)nc23)CC1,2,32,0.6249620044663522
CCCN(CCNSNC(=O)c1csc2c(O)nc(-c3ccccn3)nc12)c1ccccc1,2,32,0.6249620044663522
CCCN(c1ccccc1)C1CN1C(=O)c1csc2c(O)nc(-c3ccccn3)nc12,2,32,0.6249620044663522
CC1CN(c2ccccc2)CCN1C(=O)C=C1C=NC(C=C=NC=CC=N)=NC(O)=CS1,2,32,0.6249620044663522
CNC1=NC(CNc2ccc3cc(CNCc4[nH]c5ccccc5c4[CH]NC(=O)c4ccc5cc4O5)occ2-3)=C1,2,3,0.39717530015858915
Cn1cnc(Cn2ccc3ccc(CNCc4[nH]c5ccccc5c4[C@@H]4C#CC(O)=CC=CC(=O)N4)cc32)c1,2,3,0.39717530015858915
O=CN[C@@H]1C2=C(c3cccccn(CC4=CCNC=N4)cc3)NC3CNC(C=C23)c2ccc(O)cc21,2,3,0.39717530015858915
C=CC(O)=CCC(=O)N[CH]c1c(CNCC2=CC=CC3=CNC(C4=CCNC=N4)C3=C2)[nH]c2ccccc12,2,3,0.39717530015858915
CC1(N[CH]c2c(CNCC3=CC=CC=C(NCC4=CCNC=N4)C=C3)[nH]c3ccccc23)C=CC(O)=C1,2,3,0.39717530015858915
CCC1OCC=CCN1CCNC(=O)c1csc2c(O)nc(-c3ccccn3)nc12,2,30,0.596366427783635
O=C(NC1CCN(CC=CC=CC(O)=CO)C1)c1csc2c(O)nc(-c3ccccn3)nc12,2,30,0.596366427783635
O=C(c1csc2c(O)nc(-c3ncccn3)nc12)N1CCN(Cc2cccc(O)c2)CC1,2,30,0.596366427783635
O=C(c1csc2c(O)nc(-c3ccccn3)nc12)N1CCN(CC2C=C(O)C=CS2)CC1,2,30,0.596366427783635
C=NC(=CC(=O)N1CCN(Cc2cccc(O)c2)CC1)CON=Cc1ccccn1,2,30,0.596366427783635
Oc1cccc(CN2CCN(Cc3csc4c(O)nc(-c5ccccn5)nc34)CC2)c1,2,30,0.596366427783635
O=C(NCCN1CCc2ccc(cc2O)C1)c1csc2c(O)nc(-c3ccccn3)nc12,2,30,0.596366427783635
O=C(NC1CCON(Cc2cccc(O)c2)C1)c1csc2c(O)nc(-c3ccccn3)nc12,2,30,0.596366427783635
C=C1CN=C2C=CC(O)=C1CCN(C(=O)c1csc3c(O)nc(-c4ccccn4)nc13)C2,2,30,0.596366427783635
Oc1cccc(CN2CCN(C(=S)c3csc4c(O)nc(-c5ccccn5)nc34)CC2)c1,2,30,0.596366427783635
N=O,2,30,0.596366427783635
O=C(C=C[SH]1C=CN=C(c2ccccn2)N=C1)N1CCN(Cc2cccc(O)c2)CC1,2,30,0.596366427783635
CC(O)C=CC=CCN(C)CCNC(=O)c1csc2c(O)nc(-c3ccccn3)nc12,2,30,0.596366427783635
CC(Oc1cccc(C#N)c1)C(=O)C=N,2,22,0.7905006178624121
CC(Oc1cccc(C#N)c1)C(=O)N1N=CC=CC=Cc2nnc1[nH]2,2,22,0.7905006178624121
CC(OC=CC=C=O)C(=O)Nc1nnc(-c2ccccn2)[nH]1,2,22,0.7905006178624121
CC(Oc1cccc(C#N)c1)C(=O)NC=NN=C=O,2,22,0.7905006178624121
CC(C=O)Oc1cccc(C#N)c1,2,22,0.7905006178624121
CC(Oc1cccc(C#N)c1)C(=O)NC=NN=COc1ccccn1,2,22,0.7905006178624121
N#CC1=CCC2(N=C(c3ccccn3)NC2=O)OC=CC=C1,2,22,0.7905006178624121
CC=C(C#N)C=C=COC(C)(O)Nc1nnc(-c2ccccn2)[nH]1,2,22,0.7905006178624121
CCOC=CC=CC(C#N)=CC(=O)Nc1nnc(-c2ccccn2)[nH]1,2,22,0.7905006178624121
CC(Oc1cccc(C#N)c1)C(=O)Nc1nnc(C2=CC=CCN2)[nH]1,2,22,0.7905006178624121
CC(Oc1cccc(C#N)c1)C(=O)Oc1nnc(-c2ccccn2)[nH]1,2,22,0.7905006178624121
C=O,2,22,0.7905006178624121
CC=C=COc1cccc(C#N)c1C(=O)Nc1nnc(-c2ccccn2)[nH]1,2,22,0.7905006178624121
CC1NC(=NN=Cc2ccccn2)NC(=O)CN=CC=CC=CO1,2,22,0.7905006178624121
CC(Oc1cccc(C#N)c1)C(=O)NC=NN=C([NH])C=C=O,2,22,0.7905006178624121
CC(OC1=CC=CC(C#N)N1)C(=O)Nc1nnc(-c2ccccn2)[nH]1,2,22,0.7905006178624121
CC(Oc1cccc(ON)c1)C(=O)Nc1nnc(-c2ccccn2)[nH]1,2,22,0.7905006178624121
C=C(C#N)C=CCNOC(C)C(=O)Nc1nnc(-c2ccccn2)[nH]1,2,22,0.7905006178624121
CC(Oc1cccc(C#N)c1)C(=O)NC=NN=C([NH])C=CC#N,2,22,0.7905006178624121
CC(Oc1cccc(C#N)c1)C(=O)NC#N,2,22,0.7905006178624121
CC(OOc1cccc(C#N)c1)C(=O)Nc1nnc(-c2ccccn2)[nH]1,2,22,0.7905006178624121
CC(OC1=CC=CC=NN=C1)C(=O)Nc1nnc(-c2ccccn2)[nH]1,2,22,0.7905006178624121
CC(OC1=CCOC(C#N)=C1)C(=O)Nc1nnc(-c2ccccn2)[nH]1,2,22,0.7905006178624121
CC(Oc1cccc(C#N)c1)C(=O)NC=NN=C(NN)c1ccccn1,2,22,0.7905006178624121
N#Cc1cccc(OC(C[NH])C(=O)Nc2nnc(-c3ccccn3)[nH]2)c1,2,22,0.7905006178624121
CC(OC1C=C(C#N)C=CN1)C(=O)Nc1nnc(-c2ccccn2)[nH]1,2,22,0.7905006178624121
CC(Oc1cccc(C#N)c1)C(=O)Nc1nnc(N=CC=CC=N)[nH]1,2,22,0.7905006178624121
CC(Oc1cccc(C#N)c1)C(=O)NC=NN=C([NH])CN=CC=CC=N,2,22,0.7905006178624121
O=C(Nc1nnc(-c2ccccn2)[nH]1)C1CO1,2,22,0.7905006178624121
CC(Oc1cccc(C#N)c1)C(=O)Nc1nnc(C2=CC=CCC2)[nH]1,2,22,0.7905006178624121
C=CC=CC([NH])=NN=CNC(=O)C(C)Oc1cccc(C#N)c1,2,22,0.7905006178624121
N#CC1C=CC=COC(c2ccccn2)C1,2,22,0.7905006178624121
N#Cc1cccc(OC(CN)C(=O)Nc2nnc(-c3ccccn3)[nH]2)c1,2,22,0.7905006178624121
CC(Oc1cccc(C#N)c1)C(=O)Nc1nnc(C2=CCOC=N2)[nH]1,2,22,0.7905006178624121
CC(=O)OC=CC=CCC#N,2,22,0.7905006178624121
CC(Oc1cccc(C#N)c1)C1N=C(c2ccccn2)NC1=O,2,22,0.7905006178624121
CC(OC=CC=CC(C#N)=CO)C(=O)Nc1nnc(-c2ccccn2)[nH]1,2,22,0.7905006178624121
CC(OC=C1C=CC(C=O)=NC1)C(=O)Nc1nnc(-c2ccccn2)[nH]1,2,22,0.7905006178624121
CC(Oc1cccc(C#N)c1)C(=O)NC1NN=C(c2ccccn2)N1,2,22,0.7905006178624121
CCOC=CC=CCCC(=O)Nc1nnc(-c2ccccn2)[nH]1,2,22,0.7905006178624121
CC(Oc1cccc(C#N)c1)C(=O)Nc1nnc(C2CC=CC=N2)[nH]1,2,22,0.7905006178624121
CC(C=N)C([NH])=NN=CNC(=O)C(C)Oc1cccc(C#N)c1,2,22,0.7905006178624121
CC(Oc1cccc(C[NH])c1)C(=O)Nc1nnc(-c2ccccn2)[nH]1,2,22,0.7905006178624121
CC(OC=CC=CC(=C=N)C#N)C(=O)Nc1nnc(-c2ccccn2)[nH]1,2,22,0.7905006178624121
CC1Oc2cccc(C#N)c2CC=CC=CC2=NN=CN(N2)C1=O,2,22,0.7905006178624121
CCN=C=C=CC=COC(C)(O)Nc1nnc(-c2ccccn2)[nH]1,2,22,0.7905006178624121
CC(C)Oc1cccc(C#N)c1C(=O)Nc1nnc(-c2ccccn2)[nH]1,2,22,0.7905006178624121
C=COc1cccc(C#N)c1C(=O)Nc1nnc(-c2ccccn2)[nH]1,2,22,0.7905006178624121
CC1Oc2cccc(C#N)c2NC(C#N)=NN=CNC1=O,2,22,0.7905006178624121
CC(Oc1cccc(C#N)c1)C(=O)c1ccccn1,2,22,0.7905006178624121
CC(OC1=CC=CC(C#N)O1)C(=O)Nc1nnc(-c2ccccn2)[nH]1,2,22,0.7905006178624121
CCOCOc1cccc(C#N)c1C(=O)Nc1nnc(-c2ccccn2)[nH]1,2,22,0.7905006178624121
CC(Oc1cccc(C#N)c1)C(=O)NC=NN=C[NH],2,22,0.7905006178624121
CC(Oc1cccc(C#N)c1)C(=O)NCONN=C([NH])c1ccccn1,2,22,0.7905006178624121
CC(Oc1cccc(C#N)c1)C(=O)NC=NN=CC=CC=CC=N,2,22,0.7905006178624121
C=C(C=N)C([NH])=NN=CNC(=O)C(C)Oc1cccc(C#N)c1,2,22,0.7905006178624121
CC(Oc1cccc(C#N)c1)C(=O)NC=NN=C([NH])C=C1C=C=NC=N1,2,22,0.7905006178624121
CC(Oc1cccc(C#N)c1)C(=O)NC=NN=C=CC=CC=N,2,22,0.7905006178624121
N#Cc1cccc(OC(O)C(=O)Nc2nnc(-c3ccccn3)[nH]2)c1,2,22,0.7905006178624121
CC(Oc1cccc(C#N)c1)C(=O)Nc1nnc(C2=COCC=N2)[nH]1,2,22,0.7905006178624121
CC(Oc1cccc(C#N)c1)C(=O)NC=NNc1ccccn1,2,22,0.7905006178624121
CC(Oc1cccc(C#N)c1)C(=O)Nc1ncc(-c2ccccn2)[nH]1,2,22,0.7905006178624121
C=C=CC=COC(C)(O)Nc1nnc(-c2ccccn2)[nH]1,2,22,0.7905006178624121
CC(CC(=O)Nc1nnc(-c2ccccn2)[nH]1)Oc1cccc(C#N)c1,2,22,0.7905006178624121
CC1(c2nnc(-c3ccccn3)[nH]2)OC=CC(C#N)=C1C(N)=O,2,22,0.7905006178624121
CC(COc1cccc(C#N)c1)C(=O)Nc1nnc(-c2ccccn2)[nH]1,2,22,0.7905006178624121
CC(Oc1cccc(C#N)c1)C(=O)NC=N,2,22,0.7905006178624121
CC1Oc2cccc(C#N)c2NC(C=O)=NN=CNC1=O,2,22,0.7905006178624121
CC1NC(=NN=Cc2ccccn2)NC(=O)C=NCC=CC=CO1,2,22,0.7905006178624121
CC(CC=O)Oc1cccc(C#N)c1,2,22,0.7905006178624121
CC(Oc1cccc(C#N)c1)C(=O)Nc1cnc(-c2ccccn2)[nH]1,2,22,0.7905006178624121
CC(OC=CC=O)C(=O)Nc1nnc(-c2ccccn2)[nH]1,2,22,0.7905006178624121
C=C=CC=COC(C)c1nnc(-c2ccccn2)[nH]1,2,22,0.7905006178624121
CC(CN(O)Nc1nnc(-c2ccccn2)[nH]1)Oc1cccc(C#N)c1,2,22,0.7905006178624121
CC(Oc1cccc(C#N)c1)C(=O)Nc1nnc(C2N=CC=CN2)[nH]1,2,22,0.7905006178624121
CC(Oc1cccc(C#N)c1)C(=O)NC1=NNN(c2ccccn2)N1,2,22,0.7905006178624121
CC(Oc1cccc(C#N)c1)C(=O)NC=NN=C(NCO)c1ccccn1,2,22,0.7905006178624121
C=NCOc1cccc(C#N)c1C(=O)Nc1nnc(-c2ccccn2)[nH]1,2,22,0.7905006178624121
CC1OC(C)(C(=O)Nc2nnc(-c3ccccn3)[nH]2)C=C1C#N,2,22,0.7905006178624121
CCOC=CC=CC#N,2,22,0.7905006178624121
CC(OC=C1C=CC(C#N)=CC1)C(=O)Nc1nnc(-c2ccccn2)[nH]1,2,22,0.7905006178624121
CC(OC=CC=C=N)C(=O)Nc1nnc(-c2ccccn2)[nH]1,2,22,0.7905006178624121
C=CC=C1OC(C)C(C#N)=C1C(=O)Nc1nnc(-c2ccccn2)[nH]1,2,22,0.7905006178624121
CC(=O)Oc1cccc(C#N)c1,2,22,0.7905006178624121
CC(OC1=C=C=CC(C#N)=C1)C(=O)Nc1nnc(-c2ccccn2)[nH]1,2,22,0.7905006178624121
COC(=O)c1cc2nc(-c3ccccn3)nc(O)c2s1,2,45,0.7693068944765054
O=C1C=C2SC=C(O)N=CC=CC3=CC3C2N(CCOCc2ccccc2Cl)C1,2,34,0.5980024076724674
O=C1C=C[SH]2C=C(N=Cc3ccccn3)N=C2CC(c2ccccc2Cl)OCC1,2,34,0.5980024076724674
O=C(c1csc2c(S)nc(-c3ccccn3)nc12)N1CCOC(c2ccccc2Cl)C1,2,34,0.5980024076724674
NN=CC(OCCNC(=O)c1csc2c(O)nc(-c3ccccn3)nc12)c1ccccc1Cl,2,34,0.5980024076724674
O=C(c1csc2c(O)nc(-c3ccccn3)nc12)N1CCOC(c2ccccc2Cl)C1,2,34,0.5980024076724674
O=C(C=CSC=CCl)N1CCOC(c2ccccc2Cl)C1,2,34,0.5980024076724674
CN(C)Cc1[nH]c2ccccc2c1[C@H]1NC(=O)C2[CH]C=C(O)C=C21,2,1,0.7557397651659714
CN(C)Cc1[nH]c2cccnc2c1[C@H]1NC(=O)c2ccc(O)cc21,2,1,0.7557397651659714
CN(C)Cc1[nH]c2ccccc2c1[CH]NC(=O)C=O,2,1,0.7557397651659714
CN(N)Cc1[nH]c2ccccc2c1[C@H]1NC(=O)c2ccc(O)cc21,2,1,0.7557397651659714
CN(C)Cc1[nH]c2ccccc2c1[CH]C1NC(=O)c2ccc(O)cc21,2,1,0.7557397651659714
CN(C)CCNc1ccccc1CN[C@H]1NC(=O)c2ccc(O)cc21,2,1,0.7557397651659714
CN1C=C([C@H]2NC(=O)c3ccc(O)cc32)C2=CC=CC2(C)C1,2,1,0.7557397651659714
CN(C)CC1=C([C@H]2NC(=O)c3ccc(O)cc32)C2=CC=CNC2N1,2,1,0.7557397651659714
CN=CCCCc1[nH]c2ccccc2c1[C@H]1NC(=O)c2ccc(O)cc21,2,1,0.7557397651659714
CN(C)Cc1[nH]c2ccccc2c1[CH]NC(=O)C=CC=C(O)C=CO,2,1,0.7557397651659714
CN(C)Cc1[nH]c2ccc3cc2c1[CH]N3,2,1,0.7557397651659714
CN(C)Cc1[nH]c2ccccc2c1[CH]N1[CH]c2cc(O)ccc2C1=O,2,1,0.7557397651659714
CN(C)CC1Nc2ccccc2O1,2,1,0.7557397651659714
CN(C)Cc1[nH]c2ccccc2c1[CH]NC=O,2,1,0.7557397651659714
C=CC=CC=CNCCCN=C,2,1,0.7557397651659714
CN(C)CC1=C([C@H]2NC(=O)c3ccc(O)cc32)C2=CC=COC2N1,2,1,0.7557397651659714
CN(C)Cc1[nH]c2ccccc2c1[CH]NC(=O)c1ccc(O)cc1NO,2,1,0.7557397651659714
CN1CC(=O)N[CH]c2c([nH]c3ccccc23)C1,2,1,0.7557397651659714
C=C(C=CC=CC[C@H]1NC(=O)c2ccc(O)cc21)N(C)C,2,1,0.7557397651659714
CN(C)Cc1[nH]c2c(c1[C@H]1NC(=O)c3ccc(O)cc31)=C[CH]CC=2,2,1,0.7557397651659714
CN(C)Cc1[nH]c2ccccc2c1[CH]NC1(C)C=CC(O)=C1,2,1,0.7557397651659714
CN(C)CC1=C([C@H]2NC(=O)c3ccc(O)cc32)C2=CC=CCC2N1,2,1,0.7557397651659714
CN(O)Cc1[nH]c2ccccc2c1[C@H]1NC(=O)c2ccc(O)cc21,2,1,0.7557397651659714
CN(C)Cc1[nH]c2c3cccc2c1[CH]NC(=O)C=CC=C3O,2,1,0.7557397651659714
CN(C)Cc1[nH]c2ccccc2c1[CH]NC(=O)C=CC=C(O)C=CCO,2,1,0.7557397651659714
CN(C)Cc1[nH]c2ccccc2c1[CH]NC(=O)C=CC1=CCCOC=C1,2,1,0.7557397651659714
CNCCc1[nH]c2ccccc2c1[C@H]1NC(=O)c2ccc(O)cc21,2,1,0.7557397651659714
CN1CCNC=CC2=CC2([C@H]2NC(=O)c3ccc(O)cc32)C1,2,1,0.7557397651659714
CN(C)Cc1[nH]c2ccccc2c1[C@H]1NC(=O)C2=CC=C(O)C[C@H]21,2,1,0.7557397651659714
CN(C)Cc1[nH]c2ccccc2c1[CH]N1C(=O)C=C2C=C(O)C=CC21,2,1,0.7557397651659714
CCN(C)Cc1[nH]c2ccccc2c1[C@H]1NC(=O)c2ccc(O)cc21,2,1,0.7557397651659714
CN(C)Cc1[nH]c2ccccc2c1[CH]NC(=O)C=CC=C(O)C=C=O,2,1,0.7557397651659714
CN(C)Cc1[nH]c2ccccc2c1[C@H]1NC(=O)C2=CCN(O)C=C21,2,1,0.7557397651659714
C=c1[nH]c2c([C@H]3NC(=O)c4ccc(O)cc43)c1=CC=CN(C)CC2,2,1,0.7557397651659714
CN(C)Cc1[nH]c2cccc3c2c1[CH]N(C=O)C(O)C=C3,2,1,0.7557397651659714
CN(C)Cc1[nH]c2ccccc2c1[CH]N1C(=O)Cc2ccc(O)cc21,2,1,0.7557397651659714
CN(C)Cc1[nH]c2cnccc2c1[C@H]1NC(=O)c2ccc(O)cc21,2,1,0.7557397651659714
CN(C)Cc1[nH]c2ccccc2c1[CH]C=O,2,1,0.7557397651659714
CN(C)Cc1[nH]c2c(c1[C@H]1NC(=O)c3ccc(O)cc31)=CCCC=2,2,1,0.7557397651659714
CN(C)CC1=C([C@H]2NC(=O)c3ccc(O)cc32)C=CC=CCNN1,2,1,0.7557397651659714
CN(C)C1=C2C=CC=CC(NC1)c1ccc(O)cc1[C@@H]2NC=O,2,1,0.7557397651659714
CCN(C)c1[nH]c2ccccc2c1[C@H]1NC(=O)c2ccc(O)cc21,2,1,0.7557397651659714
CN(C)Cc1[nH]c2ccccc2c1[CH]N1C(=O)C=C2C=C(O)CNC21,2,1,0.7557397651659714
CN(C)Cc1[nH]c2ccccc2c1[C@H]1OC(=O)c2ccc(O)cc21,2,1,0.7557397651659714
CN(C)Cc1[nH]c2ccccc2c1NC(=O)c1ccc(O)cc1,2,1,0.7557397651659714
COC1=CC=C2C(=O)N[C@H](c3c(CN(C)C)[nH]c4ccccc34)C12,2,1,0.7557397651659714
CN(C)CCNC1=CC=CCN1,2,1,0.7557397651659714
CN(C)CN1Nc2ccccc2C1[C@H]1NC(=O)c2ccc(O)cc21,2,1,0.7557397651659714
CN(C)CCNc1ccccc1OC[C@H]1NC(=O)c2ccc(O)cc21,2,1,0.7557397651659714
CC1N[C@H](c2c(CN(C)C)[nH]c3ccccc23)c2cc(O)ccc21,2,1,0.7557397651659714
O=C1CCc2ccccc21,2,21,0.618415556108483
O=C(CCc1c[nH]c2ccccc12)Nc1nnc(C2=CCOC=N2)[nH]1,2,21,0.618415556108483
O=C(CCc1c[nH]c2ccccc12)N1C=NC(c2ccccn2)N1,2,21,0.618415556108483
CC(=O)c1c[nH]c2ccccc12,2,21,0.618415556108483
O=C(CCc1c[nH]c2ccccc12)Nc1ncc(-c2ccccn2)[nH]1,2,21,0.618415556108483
O=C(CCc1c[nH]c2ccccc12)Nc1nnc(C2=C[SH]=CC=N2)[nH]1,2,21,0.618415556108483
O=C(CCc1c[nH]c2ccccc12)NC1=NN=CC=CC=CC=NC1,2,21,0.618415556108483
O=C(CCC1=CNC=CC=CCO1)Nc1nnc(-c2ccccn2)[nH]1,2,21,0.618415556108483
N=CC=CC=Cc1nnc(NC(=O)CCc2c[nH]c3ccccc23)[nH]1,2,21,0.618415556108483
COc1ccc(COCC(P)N2CCCc3c(O)nc(-c4ccccn4)nc32)cc1,2,25,0.7376772628153805
C1=COC=1,2,25,0.7376772628153805
COC=CC=C1C=CC2CCc3c(O)nc(-c4ccccn4)nc3N2C(=O)COC1,2,25,0.7376772628153805
C1=COC2C=CC2=C1,2,25,0.7376772628153805
COC=C1C=CC(COCC(=O)N2CCCc3c(O)nc(-c4ccccn4)nc32)=PC1,2,25,0.7376772628153805
COc1ccc(COCC(=O)N2CCCc3c(O)nc(-c4ccccn4)nc32)cc1,2,25,0.7376772628153805
COC1=CC=C(COCC(=O)NC2CCC=C3CON=C(c4ccccn4)N=C32)C1,2,25,0.7376772628153805
O=CPCCOCC1=CC=COCC=C1,2,25,0.7376772628153805
COc1ccc(COCC(=O)N2CCCc3c(O)nc(OCC=CC=N)nc32)cc1,2,25,0.7376772628153805
COc1ccc(COCC(=O)N2CCCc3c(O)nc(C4=CC=CCC4)nc32)cc1,2,25,0.7376772628153805
COc1ccc(COCC(=O)N2CCCc3c(O)nc(-c4cccpn4)nc32)cc1,2,25,0.7376772628153805
COC=CC=C(C)COCC(=O)NCCC1C=C(O)N=C(C=CC=CCN)C1C,2,25,0.7376772628153805
N#Cc1ccc(COCC(=O)Nc2nc(-c3ccccn3)nc3sccc23)cc1,2,36,0.6220878069663125
Cc1cnsc1C=c1cc2c(cc1N)=NC(NC(=O)[CH]C1C[C@H]1C)=NC2,2,268,0.7644776862907401
NC1=CC=NC=CC2=CCc3c2nsc3C=C1,2,268,0.7644776862907401
Cc1cnsc1C1=CC(N)[SH]2C=NC(NC(=O)[C@@H]3C[C@H]3C#N)=CC2=C1,2,268,0.7644776862907401
[NH]c1c(CNC2=C[C@@H](NC=O)CC(O)=CC=Cc3ccccc32)ccc2ccn(Cc3ccccc3)c12,2,2,0.36944530936690284
O=C1N[C@H](c2c(CNCc3ccc4ccn(Cc5ccccc5)c4c3)[nH]c3ccccc23)C2SC(O)=CC=C12,2,2,0.36944530936690284
O=C1N[C@H](c2c(CNCc3ccc4ccn(Cc5ccccc5)c4c3)[nH]c3ccccc23)C2=CC(O)=CNC12,2,2,0.36944530936690284
O=CN[C@H](C=C1Nc2ccccc2C1NCC=CC=c1ccn(Cc2ccccc2)c1=COS)c1cccc(O)c1,2,2,0.36944530936690284
O=CN1c2ccccc2NC(CN2C=C3CC(C=CN3Cc3ccccc3)C2)=C[C@@H]1c1cccc(O)c1,2,2,0.36944530936690284
C=CC=C(O)C[C@H](NC=O)C1=CCNCc2ccc3ccn(Cc4ccccc4)c3c2Nc2ccccc21,2,2,0.36944530936690284
O=CN[C@H](C=C(CNCc1ccc2ccn(Cc3ccccc3)c2c1)c1ccccc1)c1cccc(O)c1,2,2,0.36944530936690284
O=CN1[C@@H](c2cccc(O)c2)C=C(Nc2ccccc2)CN2C=C3C(=CC2)C=CC31Cc1ccccc1,2,2,0.36944530936690284
[NH]SC=c1c(=CC=CCNCC(=C[C@@H]2c3cc(O)ccc3N2C=O)c2ccccc2)ccn1Cc1ccccc1,2,2,0.36944530936690284
O=C1N[C@H](c2c#ccccc[nH]c2CNCc2ccc3ccn(Cc4ccccc4)c3c2)c2cc(O)ccc21,2,2,0.36944530936690284
O=CN1c2ccc(O)cc2[C@H]1C=C(CNCC=C1C=CC=CN2Cc3ccccc3C2N=C1)Nc1ccccc1,2,2,0.36944530936690284
O=CN[C@@H](c1cccc(O)c1)C(CNCc1ccc2ccn(Cc3ccccc3)c2c1)Nc1ccccc1,2,2,0.36944530936690284
[NH]C1=C2C(=C=CN2Cc2ccccc2)C=CC1NCC1=C[C@@H](NC=O)CC(O)=CC=Cc2ccccc21,2,2,0.36944530936690284
CC(c1ccccc1)N1CCN(C(=O)c2csc3c(O)nc(-c4ccccn4)nc23)CC1,2,39,0.6093812226202409
CC(c1ccccc1)N1CCN(C(=O)c2csc3c(O)nc(C4=C[SH]=CC=N4)nc23)CC1,2,39,0.6093812226202409
CS(=O)(=O)C=CC=CCC(=O)NCCCC=C(O)Nc1ccccn1,2,26,0.7634378538218989
O=C(c1cccc(S(=O)(=O)S)c1)N1CCCc2c(O)nc(-c3ccccn3)nc21,2,26,0.7634378538218989
O=S1(=O)C=CC=CC(C2CCCc3c(O)nc(-c4ccccn4)nc3N2)C1,2,26,0.7634378538218989
O=CNC(=O)C1=CCS(=O)(=O)C=CC=C1,2,26,0.7634378538218989
C=[SH](=O)c1cccc(C(=O)N2CCCc3c(O)nc(-c4ccccn4)nc32)c1,2,26,0.7634378538218989
O=C(NCCCC=C(O)N=C1CC=CC=N1)C1C=CC=CS(=O)(=O)C1,2,26,0.7634378538218989
C=C(C=CC=CS(C)(=O)=O)C(=O)NCC1C=NC(C=CC=N)=NC(O)=CC1,2,26,0.7634378538218989
CS(=O)(=O)C=C1C=CC(C(=O)NC2C=NC(C=C3C=CC=NN3)=NC(O)=CCC2)=C1,2,26,0.7634378538218989
CS(=O)(=O)c1cccc(C(O)N2CCCc3c(O)nc(-c4ccccn4)nc32)c1,2,26,0.7634378538218989
O=CCNC(=O)C1=CCS(=O)(=O)C=CC=C1,2,26,0.7634378538218989
O=C(NCCCC=C(O)N=c1ncccs1)C1C=CC=CS(=O)(=O)C1,2,26,0.7634378538218989
O=C(SC1C=CC=CS(=O)(=O)C1)N1CCCc2c(O)nc(-c3ccccn3)nc21,2,26,0.7634378538218989
C=C(C=CC=CS(C)(=O)=O)C(=O)NCCC1C=NC(c2ccccn2)C(O)=C1,2,26,0.7634378538218989
CS(=O)(=O)c1cccc(C(=O)N2CCCC3=C(ON=Cc4ccccn4)N=C32)c1,2,26,0.7634378538218989
C=C(C=CC=CS(C)(=O)=O)C(=O)NC1C=NC1(O)N=Cc1ccccn1,2,26,0.7634378538218989
CC1CC=CC=CC=NC(O)=CCC1CNC(=O)CC=CC=CS(C)(=O)=O,2,26,0.7634378538218989
CS(=O)(=O)C=CC=CC1N=C2C(=C(O)N=Cc3ccccn3)CCCN2C(=O)S1,2,26,0.7634378538218989
CSCC=O,2,26,0.7634378538218989
O=C(NCCC1C=NC(c2ccccn2)=NC1O)C1C=CC=CS(=O)(=O)C1,2,26,0.7634378538218989
CS(=O)(=O)c1cccc(C(=O)N2CCCc3c(O)nc(OCC=CC=N)nc32)c1,2,26,0.7634378538218989
C=C(C=CC=CS(C)(=O)=O)C(=O)CCCc1cnc(-c2ccccn2)nc1O,2,26,0.7634378538218989
C[SH]=CC=O,2,26,0.7634378538218989
O=C(NC1CCC=C(O)N=C(c2ccccn2)N=C=N1)C1C=CC=CS(=O)(=O)C1,2,26,0.7634378538218989
CS(=O)(=O)C=CC=C=O,2,26,0.7634378538218989
CS(=O)(=O)c1cccc(C(=O)N2C=NC(c3ccccn3)=NOC#CCCC2)c1,2,26,0.7634378538218989
CC1C(C=CCC=N)=NC(O)=CCC1CNC(=O)C1C=CC=CS(=O)(=O)C1,2,26,0.7634378538218989
C=S=O,2,26,0.7634378538218989
